-15.96610316;-15.72361325;-15.60049476;-15.50055163;-15.38558137;-15.37433772;-15.36447655;-15.45057557;-15.56216849;-15.6837221;-15.83498719;-15.92547012;-15.96681317;-15.93651216;-15.95532629;-15.81398574;-15.67465869;-15.44670959;-15.27180467;-15.06841424;-14.93052589;-14.7486188;-14.49375759;-14.3298934;-14.21033096;-13.99789025;-13.93380048;-13.80781662;-13.74096628;-13.83991759;-13.88843776;-14.09437193;-14.34854426;-14.60805316;-14.84995956;-15.19178829;-15.48100803;-15.77084041;-16.06141174;-16.31744917;-16.65441518;-16.86508376;-17.03384001;-17.00423335;-16.92380886;-16.85042199;-16.82363331;-16.75099376;-16.79668461;-16.89047531;-16.9304579;-17.00453047;-16.92556426;-16.77842913;-16.64104849;-16.43280191;-16.24153414;-16.05542841;-15.9165323;-15.83616106;-15.81324271
-14.74008604;-14.75893902;-14.86718936;-14.80817228;-14.91309551;-14.97530347;-15.10568409;-15.31312244;-15.54648095;-15.75631148;-15.98331971;-16.07588276;-16.17693492;-16.32318327;-16.3595366;-16.30764482;-16.2908128;-16.12080912;-15.87621775;-15.65785724;-15.43448541;-15.11893128;-14.87369158;-14.57919438;-14.33186447;-14.09724548;-13.90555368;-13.74013895;-13.63048861;-13.57175341;-13.48039562;-13.57556232;-13.60810078;-13.73236025;-13.88642092;-14.05897119;-14.22808145;-14.41259921;-14.67247015;-14.93654205;-15.19712342;-15.44519405;-15.76717238;-15.92912819;-16.03648615;-16.13546129;-16.22279389;-16.27499823;-16.44374252;-16.70765159;-16.99357398;-17.19824676;-17.44452137;-17.43302916;-17.39995127;-17.35778814;-17.12955953;-16.91372776;-16.68359364;-16.54309791;-16.40181864
-12.43586164;-12.50764761;-12.5750849;-12.74918999;-12.90236163;-13.11789188;-13.28010605;-13.56266404;-13.87983308;-14.15072024;-14.45196794;-14.71051466;-14.9720701;-15.24122168;-15.43598288;-15.68930782;-15.8157324;-15.9025972;-15.88408246;-15.75246396;-15.552227;-15.2821184;-15.01444554;-14.75114328;-14.43721102;-14.25754619;-14.07596174;-13.80508561;-13.70936434;-13.52352844;-13.39883401;-13.3211714;-13.34075786;-13.36346345;-13.40757996;-13.51811679;-13.64360213;-13.81216868;-13.99458593;-14.25258614;-14.50310439;-14.83537963;-15.1950693;-15.52004824;-15.84656395;-16.10185128;-16.40780629;-16.67915852;-17.01093226;-17.33620742;-17.85491559;-18.29261986;-18.72764692;-19.05904887;-19.24913755;-19.46586989;-19.39633392;-19.24272134;-19.1510469;-18.82306857;-18.81845731
-10.22756647;-10.26708876;-10.3295206;-10.39164918;-10.55176751;-10.73682807;-10.92713882;-11.14567034;-11.43672752;-11.72538715;-12.0460009;-12.42819021;-12.73790669;-13.18291565;-13.59062878;-13.96561531;-14.38185204;-14.70890857;-14.91549078;-15.00926228;-14.97476782;-14.79841;-14.59067177;-14.34821101;-14.18805128;-13.93239882;-13.73702662;-13.59399458;-13.46855688;-13.35095974;-13.26964628;-13.19366062;-13.28579585;-13.27833447;-13.46347889;-13.60781088;-13.82501687;-14.02908313;-14.33768032;-14.72385784;-15.02251424;-15.33944844;-15.88843678;-16.38631833;-16.93636941;-17.46327384;-17.92224444;-18.44226894;-18.78688122;-19.21029395;-19.68081803;-19.90797736;-20.40892113;-20.90140566;-21.36312951;-21.7335694;-21.90908664;-22.14746329;-22.1797035;-22.26899125;-22.38547973
-8.500889744;-8.514145761;-8.526076904;-8.595799053;-8.684085168;-8.815653327;-8.943428338;-9.09881532;-9.355293023;-9.589006248;-9.92725819;-10.29198888;-10.77443063;-11.20922154;-11.76247907;-12.3420135;-12.82860022;-13.37508132;-13.71752911;-13.99534778;-14.02503208;-13.98963282;-13.7918083;-13.60308795;-13.33769726;-13.22323717;-13.08334493;-12.96050609;-12.90318218;-12.92357681;-12.95800486;-13.05047352;-13.26921146;-13.52029498;-13.91444448;-14.31563732;-14.74173894;-15.2411846;-15.7462642;-16.26350175;-16.70661223;-17.17137968;-17.72574768;-18.31923925;-19.07114669;-19.53779707;-19.89970142;-20.15736247;-20.08109839;-19.96518689;-19.74475786;-19.48832301;-19.23905098;-19.11017434;-18.99693277;-19.06849358;-19.21492962;-19.36032255;-19.57502049;-20.05036784;-20.40758011
-7.182065799;-7.18122753;-7.180039086;-7.192114549;-7.246000419;-7.286119493;-7.406917165;-7.530595712;-7.711865733;-7.947169379;-8.261192726;-8.643282725;-9.073128223;-9.60528346;-10.17100226;-10.86543242;-11.55068706;-12.1922759;-12.69480621;-13.0805126;-13.24759037;-13.16590285;-13.0342569;-12.78043245;-12.60882245;-12.43074486;-12.28151847;-12.21687059;-12.244196;-12.34131208;-12.50353574;-12.81011332;-13.2898848;-13.80716932;-14.54794804;-15.32842151;-16.15494903;-17.08775848;-17.87820426;-18.47540027;-19.04332071;-19.31890678;-19.42809865;-19.5552366;-19.54604174;-19.29527439;-18.91531674;-18.42156582;-18.09483723;-17.81010984;-17.3398797;-16.94751363;-16.49257495;-16.19767942;-15.97877091;-15.89477393;-15.93396122;-16.07811661;-16.22006655;-16.54413786;-16.81825383
-5.986840999;-5.960881899;-5.941379724;-5.933651448;-5.928193314;-5.957931156;-6.026565884;-6.127084388;-6.281038816;-6.480559205;-6.766366601;-7.097421904;-7.532760514;-8.049322959;-8.6393102;-9.367947078;-10.14386736;-10.91347916;-11.60559305;-12.16724494;-12.50103581;-12.52177643;-12.45008334;-12.29641841;-12.13235537;-11.97104941;-11.87470947;-11.79812814;-11.88768472;-12.02111402;-12.29167083;-12.68438548;-13.32766853;-14.00106284;-14.90657246;-15.95552491;-17.00262821;-17.86907561;-18.52208812;-18.7932236;-18.70054216;-18.44001296;-18.05215151;-17.60809787;-17.04438864;-16.53121969;-16.15641147;-15.81900637;-15.55623328;-15.46127154;-15.33025495;-15.17680892;-15.05094174;-14.84940678;-14.76963623;-14.74060602;-14.84140459;-15.00891527;-15.33985157;-15.58895809;-15.90457549
-4.643621246;-4.583395523;-4.518470319;-4.47234748;-4.447285116;-4.468915808;-4.506287949;-4.603585993;-4.755160226;-4.941082257;-5.195291527;-5.51984063;-5.898702107;-6.379931484;-6.976016405;-7.691725691;-8.504909433;-9.347708451;-10.19545533;-10.97927048;-11.47127522;-11.78290301;-11.85355055;-11.86162201;-11.7212379;-11.63326486;-11.64260251;-11.66054427;-11.83200631;-12.06431765;-12.3295121;-12.83936031;-13.43473339;-14.15646091;-14.96028005;-15.75160965;-16.4033128;-16.77370835;-16.87181891;-16.66468218;-16.32965792;-16.01129571;-15.88261516;-15.63810412;-15.33293571;-15.00297575;-14.75684651;-14.67230671;-14.67623922;-14.82393648;-14.98695903;-15.24430114;-15.37270593;-15.56288375;-15.63862405;-15.93554756;-16.19351752;-16.56157158;-17.03107634;-17.48383553;-17.78207424
-3.263506245;-3.178205258;-3.097757015;-3.040546929;-3.016200624;-3.017955459;-3.083293596;-3.164375023;-3.305188069;-3.487946568;-3.718076407;-4.008791851;-4.374748888;-4.83127182;-5.382480003;-6.035146992;-6.810229222;-7.637038769;-8.545123978;-9.364506588;-10.01236871;-10.50388968;-10.80187325;-10.92855887;-10.96861922;-11.09074284;-11.25453149;-11.48724716;-11.86613516;-12.25171682;-12.75291061;-13.37137178;-14.00336494;-14.68589626;-15.23867177;-15.52512926;-15.54746732;-15.25017463;-14.91001737;-14.50617765;-14.27698497;-14.1396665;-14.15004515;-14.26198977;-14.39573231;-14.50875214;-14.69334899;-14.91645619;-15.21815497;-15.73648044;-16.15157595;-16.77861135;-17.29815621;-17.93471026;-18.57060515;-19.31850797;-20.08140495;-21.15419016;-21.99749493;-22.70327039;-23.1665498
-2.191777644;-2.06394233;-1.998471577;-1.909345588;-1.888923381;-1.879376103;-1.917485497;-1.988809156;-2.112682857;-2.268163897;-2.487577553;-2.746467038;-3.060737001;-3.47025097;-3.969143844;-4.575494647;-5.286539477;-6.097220288;-6.934970871;-7.764192689;-8.450387771;-9.0187628;-9.381797305;-9.621668523;-9.818915269;-10.01676952;-10.32184315;-10.80451986;-11.38846056;-12.17222824;-13.13960651;-14.1346913;-15.18549141;-15.85660057;-15.97102186;-15.57564556;-14.76008682;-13.98128566;-13.27831917;-12.83437611;-12.62201592;-12.65463283;-12.96120294;-13.39296001;-13.99769162;-14.67503358;-15.42160348;-16.1445259;-16.9753724;-17.77865918;-18.64545786;-19.49888481;-20.20936957;-20.85795289;-21.41346656;-22.21389544;-22.58853842;-22.67016576;-22.60881229;-22.08292551;-21.7653266
-1.474115495;-1.358348801;-1.263550397;-1.18760998;-1.133925932;-1.092625494;-1.09550984;-1.136208916;-1.21841415;-1.330446581;-1.482941229;-1.703782404;-1.998826426;-2.364935192;-2.815130755;-3.384584276;-4.062192403;-4.836690779;-5.685875274;-6.475605218;-7.185452367;-7.730100439;-8.129679752;-8.404391615;-8.649009007;-8.931545007;-9.365833918;-9.963867547;-10.80559237;-11.90473736;-13.37771437;-15.16070899;-16.93007252;-17.71950876;-16.93284544;-15.3659166;-13.7541395;-12.51938239;-11.61000527;-11.15796756;-11.01542365;-11.17044307;-11.64343494;-12.35267076;-13.30995007;-14.43348361;-15.78148567;-17.21777576;-18.81290267;-20.27366273;-21.42149869;-22.27151961;-22.3860721;-22.02025235;-21.4798661;-20.58794947;-19.94678217;-19.22941405;-18.42239496;-17.93354487;-17.48846921
-0.924838843;-0.791092427;-0.70260323;-0.617112328;-0.557703104;-0.49525476;-0.471060887;-0.483289897;-0.509290777;-0.573081115;-0.689490183;-0.859133225;-1.082488826;-1.420188966;-1.838555163;-2.377610577;-3.04292416;-3.784304802;-4.595086348;-5.430482143;-6.172595601;-6.745868178;-7.187661812;-7.452496476;-7.746039756;-8.054617721;-8.559232604;-9.262544466;-10.2901041;-11.69676259;-13.66666997;-16.30421997;-19.18599873;-19.89421005;-17.31696316;-14.66741069;-12.70508437;-11.33506579;-10.50089221;-10.09386291;-10.08722941;-10.43925112;-11.13433033;-12.10679293;-13.41763349;-15.06069902;-17.07680244;-19.35216614;-22.18627728;-25.36795302;-28.18856415;-28.70786999;-27.19673818;-24.86387608;-22.66156354;-21.05829879;-19.80649606;-18.60762569;-17.74275741;-17.14664271;-16.78574013
-0.383527193;-0.287170563;-0.191140016;-0.119909291;-0.059588889;-0.002878384;0.030810162;0.056797254;0.06234455;0.040825183;-0.034175596;-0.150943763;-0.344973576;-0.625214035;-1.004609022;-1.513578674;-2.126342587;-2.885236989;-3.706815623;-4.512125443;-5.262568309;-5.882720331;-6.354614544;-6.68635702;-7.000286783;-7.414844749;-8.017431836;-8.867587808;-10.10917289;-11.84065425;-14.33102872;-18.07076438;-22.02312066;-20.20301659;-16.20766697;-13.42026952;-11.48658706;-10.30274769;-9.617151053;-9.474161513;-9.695179695;-10.31710581;-11.40474466;-12.93610853;-14.94358991;-17.65818244;-20.99805437;-24.98164805;-27.81839297;-27.48440334;-26.23042795;-25.4777886;-25.34359914;-24.98830842;-24.3444832;-22.99543715;-21.5534125;-20.31047877;-19.33548883;-18.77578595;-18.60096412
0.062925459;0.151486448;0.235465448;0.313524732;0.379196612;0.408258978;0.475648375;0.504727932;0.525759694;0.552810861;0.514381251;0.425244865;0.275069259;0.031155662;-0.303457041;-0.787563005;-1.392085036;-2.094040357;-2.894201856;-3.692322305;-4.459160189;-5.074009161;-5.53934832;-5.911392128;-6.249730388;-6.729625937;-7.403572488;-8.394164055;-9.802501198;-11.76708262;-14.7431244;-19.14311913;-22.79263034;-18.80220168;-14.75031222;-12.16230065;-10.54498517;-9.551712905;-9.142526138;-9.235565906;-9.770333668;-10.81836815;-12.51246527;-14.90898517;-18.23984754;-23.28920822;-26.4773277;-22.8593075;-19.81330864;-18.02823738;-17.25499367;-17.17584416;-17.56989988;-18.19710565;-18.97174921;-19.40312067;-19.52208646;-19.23845071;-18.78465079;-18.77695273;-19.04149543
0.445031779;0.541033227;0.622089733;0.679917609;0.733928482;0.767794701;0.821752285;0.859103249;0.907605394;0.936127569;0.931701855;0.877747225;0.748270113;0.523433281;0.211971778;-0.250001671;-0.834401338;-1.523746883;-2.298088342;-3.090871254;-3.822067394;-4.412346156;-4.853013353;-5.204850198;-5.581398743;-6.071091723;-6.798908034;-7.840685499;-9.338608909;-11.50716719;-14.63933347;-18.89295068;-20.42671599;-16.59729593;-13.29536109;-11.10215712;-9.717233398;-8.951832702;-8.729354758;-9.059400363;-9.903957256;-11.28809428;-13.39632739;-16.34576838;-19.85785684;-21.1995496;-18.66211101;-16.13809936;-14.53472321;-13.69791004;-13.48060075;-13.66978234;-14.33938444;-15.28665654;-16.37391093;-17.43325877;-18.10630977;-18.43210956;-18.38017413;-18.45288417;-18.67793814
0.928521421;1.023605536;1.090932406;1.126039673;1.146560832;1.170181461;1.189829026;1.199636948;1.241544315;1.268757132;1.289225798;1.246062089;1.14232751;0.944048301;0.619926211;0.163808133;-0.420478941;-1.1293907;-1.905758383;-2.688033221;-3.373398776;-3.939075543;-4.341979766;-4.657494589;-5.032935996;-5.532434729;-6.293465336;-7.373450417;-8.939359965;-11.16627669;-14.25858593;-17.87607922;-18.63062008;-15.48677785;-12.56143138;-10.66293689;-9.500951557;-8.906615358;-8.866846389;-9.397339774;-10.48399906;-12.16759302;-14.4401282;-16.90949967;-17.86087464;-16.42376723;-14.42169809;-12.89814291;-11.99977366;-11.62120796;-11.70071492;-12.29319902;-13.17900592;-14.46881872;-15.89683042;-17.391007;-18.64696308;-19.3857764;-19.77010922;-19.96858965;-20.30399444
1.543532606;1.641450845;1.693414438;1.701747077;1.687742589;1.65060971;1.622659066;1.598850221;1.592355035;1.617697586;1.621523775;1.596816965;1.491095785;1.287432318;0.957462072;0.480721847;-0.122973109;-0.860009907;-1.653628802;-2.431864618;-3.102831793;-3.609521134;-3.977918304;-4.278449763;-4.635867934;-5.195289708;-6.013360177;-7.215424414;-8.861512065;-11.15372976;-14.21278933;-17.30021031;-17.16727159;-14.48698815;-12.22042123;-10.64502016;-9.72920388;-9.397746406;-9.618538142;-10.41509595;-11.77513809;-13.56869799;-15.50978541;-16.0885258;-14.89580028;-13.18469624;-11.7478419;-10.86730267;-10.41815909;-10.5211922;-11.01758313;-11.98259887;-13.24660255;-14.98180411;-16.93859892;-19.07012611;-20.63356906;-21.38421622;-21.3597396;-21.19037241;-21.31489482
2.144601439;2.227097865;2.267668958;2.247053745;2.195487021;2.109939611;2.029549779;1.964616002;1.93058808;1.930948839;1.925813846;1.898221672;1.794952241;1.585350821;1.234957669;0.740372756;0.09186732;-0.682775814;-1.488557455;-2.264473254;-2.878563669;-3.337917601;-3.666574957;-3.937221909;-4.32305688;-4.913622715;-5.842336855;-7.129055081;-8.935950127;-11.31777912;-14.22928542;-16.36793218;-15.64208143;-13.49393523;-11.68976892;-10.55506053;-10.03931233;-10.0435578;-10.60158898;-11.67272952;-13.11043278;-14.32770829;-14.43780777;-13.27940013;-11.81267833;-10.56904816;-9.673686588;-9.259207203;-9.253888339;-9.671613926;-10.43354711;-11.60719744;-13.08986065;-14.93471839;-16.79505221;-18.3830337;-19.21346792;-19.12994646;-18.97607151;-18.65757829;-18.49482058
2.582111055;2.650794941;2.656344792;2.611695549;2.520266419;2.388610316;2.267503904;2.165687681;2.113431527;2.105056273;2.107960686;2.090315178;1.991144304;1.789158277;1.420784095;0.892054894;0.198540537;-0.596652185;-1.43316857;-2.184249901;-2.735760534;-3.102849675;-3.342751665;-3.600310759;-4.029231268;-4.711944703;-5.756118302;-7.216484401;-9.214963742;-11.6612185;-14.13440222;-14.86777256;-13.58029635;-11.88383465;-10.72838414;-10.10394365;-10.02766895;-10.42244581;-11.30302772;-12.5098293;-13.543456;-13.62679435;-12.61723074;-11.17232643;-9.988644972;-9.176248093;-8.738368999;-8.663884578;-8.990399698;-9.649064004;-10.66811534;-11.97459673;-13.5079889;-15.06770753;-16.44610036;-17.22469123;-17.58594187;-17.49795777;-17.54505131;-17.53273438;-17.59558469
2.919517443;2.955221206;2.935484976;2.85592622;2.707066177;2.54030709;2.375724345;2.240918173;2.161777066;2.153861273;2.169534943;2.176990227;2.089922004;1.882778397;1.492769971;0.925352509;0.185212143;-0.66995664;-1.542818923;-2.264312993;-2.73616212;-2.986614711;-3.169942826;-3.424966553;-3.884378394;-4.699125965;-5.858073858;-7.462504959;-9.558791027;-11.82551433;-13.24162022;-12.81692317;-11.51599738;-10.30790832;-9.623606579;-9.466210163;-9.813009407;-10.64429991;-11.90530859;-13.16942436;-13.63434532;-12.82079177;-11.54442173;-10.29353081;-9.499786568;-9.038158691;-9.015257487;-9.307273152;-9.976464786;-10.9521295;-12.15111385;-13.3427197;-14.49067892;-15.42748405;-15.87043017;-16.10729553;-16.3317972;-16.55568949;-17.00816034;-17.64256474;-18.14608336
3.203542819;3.207698617;3.151318802;3.022147773;2.839289025;2.618442715;2.405360564;2.234609626;2.145254586;2.130281682;2.171485452;2.183946868;2.11761111;1.884800606;1.464705599;0.842213507;0.021993892;-0.923298024;-1.839703781;-2.557679759;-2.953292955;-3.096643524;-3.203434208;-3.449834026;-3.964191672;-4.862445023;-6.188502125;-7.898522459;-9.824091032;-11.31467507;-11.53016944;-10.68450257;-9.632740457;-8.928605717;-8.756990149;-9.067928303;-9.944777088;-11.300558;-12.97822668;-14.07686876;-13.76457305;-12.30146975;-10.9201923;-9.990659176;-9.588133448;-9.589901693;-10.00565091;-10.77782552;-11.82403115;-12.96844377;-13.872941;-14.23258207;-14.2094855;-14.00847235;-13.84032632;-13.81987955;-13.95848251;-14.27514671;-14.84928835;-15.52658868;-16.38150923
3.393524888;3.383721921;3.283948874;3.117813249;2.890937342;2.621969416;2.366495986;2.176828864;2.083558248;2.078804585;2.130484368;2.164289113;2.096613557;1.843045763;1.371136552;0.667571555;-0.270759095;-1.33021706;-2.34087305;-3.071359301;-3.373128441;-3.389094014;-3.387876599;-3.618142712;-4.193770247;-5.156340122;-6.559287876;-8.182239509;-9.614895758;-10.14568858;-9.664038204;-8.82733517;-8.1557619;-7.906145917;-8.141705999;-8.94408601;-10.32888762;-12.31080338;-14.42593035;-15.08703906;-13.66560375;-11.83574775;-10.55074533;-9.935626679;-9.924655323;-10.30290921;-11.13116293;-12.07451378;-13.10766955;-13.60095625;-13.50028622;-13.04277461;-12.58570128;-12.48178352;-12.47120238;-12.69777081;-12.9825486;-13.32479585;-13.74187935;-14.24781149;-14.73176694
3.530280784;3.501769153;3.381782266;3.165157985;2.893067847;2.598878711;2.310176801;2.087328192;1.98750568;2.007429322;2.077478272;2.127746763;2.048410157;1.772955085;1.242930798;0.443160042;-0.631697664;-1.851261589;-2.987146476;-3.72951805;-3.911802863;-3.753855034;-3.668185236;-3.854569862;-4.441552556;-5.424807126;-6.762021388;-8.090377633;-8.954541854;-8.882786811;-8.264537767;-7.616781616;-7.31460014;-7.465975805;-8.15450168;-9.506752148;-11.58817947;-14.47484799;-16.91917113;-15.93712711;-13.38396538;-11.41014712;-10.349065;-10.07418446;-10.30673924;-11.06350625;-11.95299953;-12.764037;-13.09827634;-12.67615262;-12.00736252;-11.49168854;-11.2644323;-11.45825267;-11.89551829;-12.39727457;-12.86921437;-13.16671617;-13.3383548;-13.53173242;-13.865369
3.726300735;3.697290155;3.560912911;3.324304836;3.008002832;2.655894155;2.325584759;2.07375024;1.962314651;1.968791869;2.047277992;2.108278544;2.021054411;1.728126297;1.137667468;0.243084795;-0.947380433;-2.332760905;-3.614239219;-4.422207883;-4.485478327;-4.196128363;-3.976034881;-4.129413167;-4.68282541;-5.627144443;-6.839476913;-7.898278126;-8.321958598;-8.048978153;-7.500892515;-7.142088475;-7.173112853;-7.681142659;-8.868046375;-10.79865087;-13.71778297;-17.36795544;-18.1710623;-15.04707326;-12.39131882;-10.8565592;-10.2881756;-10.35823081;-10.97006463;-11.73897541;-12.40068473;-12.40767374;-11.87788863;-11.12127797;-10.48584678;-10.28368077;-10.49968676;-11.1844811;-12.01862624;-12.90957967;-13.50366665;-13.48649805;-13.12978585;-12.87286134;-12.71493415
4.050495301;4.032207825;3.887413799;3.637383011;3.293535258;2.895162926;2.51819329;2.211639796;2.049414531;2.046887857;2.110279418;2.152279862;2.061306291;1.74072399;1.113076173;0.149073965;-1.130218882;-2.607651249;-4.024801219;-4.861347781;-4.915313532;-4.561471327;-4.332285986;-4.47632426;-5.032764154;-5.997964591;-7.093686111;-7.917281758;-8.178183899;-7.839431541;-7.480852773;-7.416455568;-7.759196173;-8.757957328;-10.33161023;-12.63135267;-15.30523524;-16.13277171;-14.11519299;-11.95072034;-10.45926326;-9.805492307;-9.765886518;-10.24197589;-11.04292361;-11.71986494;-11.81887247;-11.22026047;-10.3556995;-9.613818643;-9.1996872;-9.23390921;-9.757770111;-10.66922722;-11.78150932;-12.73352864;-13.02489975;-12.62932488;-11.93329577;-11.44982905;-11.23648145
4.384026087;4.387678276;4.250783919;3.993448991;3.636921733;3.211547823;2.78726211;2.426564692;2.214591317;2.154494318;2.181424963;2.202324978;2.094758503;1.749873101;1.118298123;0.141088176;-1.144126846;-2.653693544;-4.101249861;-4.971783391;-5.101712049;-4.831018481;-4.667861022;-4.881963758;-5.494911616;-6.456652868;-7.539315738;-8.288345348;-8.409815103;-8.19312385;-7.998834584;-8.156432134;-8.823201436;-10.04122878;-11.69482964;-13.11540303;-13.24264037;-12.15069574;-10.67186428;-9.575830479;-9.022252561;-9.055527365;-9.591221204;-10.4706048;-11.46338144;-11.83333843;-11.28236458;-10.24451307;-9.264684446;-8.592335367;-8.382908491;-8.659830672;-9.374508307;-10.47228049;-11.8025755;-12.94283529;-13.1537901;-12.48344424;-11.57800512;-11.00436535;-10.67299152
4.652035151;4.664460999;4.544900951;4.293209852;3.936958982;3.503041807;3.052253929;2.650210753;2.385100485;2.254623726;2.231679852;2.196345783;2.053307318;1.703635736;1.068819754;0.096407146;-1.161863468;-2.587788453;-3.906249487;-4.71738536;-4.892600772;-4.779033375;-4.773153599;-5.108813067;-5.848883283;-6.907942988;-8.002472187;-8.74479087;-8.999219384;-8.953842161;-9.041592637;-9.55987235;-10.53063204;-11.82279562;-12.5218745;-12.02202958;-10.76957982;-9.447021504;-8.550447314;-8.147514614;-8.294520647;-8.947954134;-10.05344123;-11.38147709;-12.35132647;-12.148566;-10.93987188;-9.611888154;-8.576422534;-8.071324475;-8.015285915;-8.399764139;-9.228466436;-10.31808149;-11.5329098;-12.50217406;-12.68027835;-11.95518899;-11.13290658;-10.63197509;-10.54963458
4.78099137;4.805099705;4.697466993;4.465659803;4.123809311;3.695089899;3.230100008;2.801981466;2.483793211;2.296355043;2.196434773;2.108219006;1.915556781;1.52582682;0.875878518;-0.049864925;-1.223440263;-2.487127753;-3.543803456;-4.180425241;-4.359343286;-4.379399032;-4.555750683;-5.043507747;-5.887865466;-7.018351037;-8.208483716;-9.095232501;-9.557787277;-9.840333771;-10.35088877;-11.28288771;-12.41342312;-13.09653976;-12.24361985;-10.58038378;-8.977638637;-7.957576288;-7.408142908;-7.559239636;-8.166934614;-9.301399044;-10.84911326;-12.13481982;-12.33216452;-11.20148379;-9.73552468;-8.486498881;-7.737108519;-7.418530525;-7.572368395;-8.141926045;-9.012740882;-10.13958888;-11.27504871;-12.15848558;-12.10068111;-11.43884425;-10.66759002;-10.13557863;-10.01557812
4.715789722;4.749376256;4.659706161;4.43968151;4.109569623;3.685830992;3.2286149;2.782444456;2.433416039;2.190352224;2.018591933;1.856410758;1.601693375;1.169681386;0.514682479;-0.373092462;-1.419639276;-2.428260305;-3.147116861;-3.493681162;-3.608265198;-3.735253606;-4.046247523;-4.692025045;-5.668469183;-6.905159913;-8.175143424;-9.250194771;-9.971482818;-10.65614258;-11.61663549;-13.00962145;-14.24960896;-13.75082182;-11.63493617;-9.552044117;-8.031747974;-7.183200443;-6.979446695;-7.373170214;-8.296497474;-9.602591804;-10.91535128;-11.47451529;-10.76005579;-9.492703854;-8.267644681;-7.39954904;-6.938400889;-6.903089341;-7.257012456;-7.952153767;-8.908715967;-10.03066425;-11.09267508;-11.72174946;-11.66268924;-10.902402;-10.08735063;-9.506557132;-9.301934187
4.469792434;4.507818002;4.426396342;4.213620827;3.886331329;3.467054842;3.00777546;2.553760564;2.186506242;1.912254561;1.706876191;1.493778039;1.177878864;0.706287299;0.062442469;-0.744338527;-1.574549171;-2.238856784;-2.594300902;-2.717870398;-2.755919158;-2.949406969;-3.404735378;-4.201807306;-5.306222808;-6.632338942;-8.025608012;-9.216923809;-10.10250011;-10.95081422;-12.02204539;-13.3167198;-14.12728796;-13.13583517;-11.04486512;-9.122930983;-7.838356688;-7.193098459;-7.15718315;-7.651934725;-8.59717975;-9.566673561;-10.09878223;-9.782441596;-8.841617801;-7.819677014;-7.046093277;-6.560561892;-6.460249585;-6.724267347;-7.259585084;-8.135802321;-9.278084461;-10.50880781;-11.57771585;-12.1266392;-11.78307182;-10.87241392;-9.837994795;-9.022459858;-8.583918447
4.065079291;4.101910548;4.009342569;3.792010668;3.469483583;3.045550408;2.585869456;2.143857109;1.780170508;1.520765366;1.29442645;1.056342179;0.713703989;0.246048243;-0.370612322;-1.030115099;-1.5955101;-1.912025744;-1.95768448;-1.884014232;-1.896076339;-2.158810671;-2.742527409;-3.670026766;-4.93228371;-6.397964924;-7.886617319;-9.104830329;-9.991785026;-10.7069202;-11.56095744;-12.40736144;-12.78384524;-12.11579142;-10.62383994;-9.220169143;-8.204905777;-7.727786921;-7.779634839;-8.184643501;-8.771403618;-9.096407856;-8.845013788;-8.051924068;-7.177612963;-6.452529884;-6.034513954;-5.941720512;-6.167103511;-6.670205396;-7.483481137;-8.475542947;-9.702024184;-10.809888;-11.61052964;-11.74121337;-11.17054296;-10.18155785;-9.134374323;-8.270295614;-7.72372402
3.518771695;3.537472269;3.439440965;3.20090053;2.840940693;2.393970778;1.918514172;1.496507911;1.177538179;0.968341888;0.799650895;0.586097663;0.279772231;-0.154778447;-0.687256663;-1.14483088;-1.439272978;-1.455931751;-1.292924146;-1.134504237;-1.162893297;-1.490092508;-2.175640397;-3.249875103;-4.636461155;-6.240943875;-7.745089429;-8.952878982;-9.623046975;-10.00733202;-10.38285245;-10.78797743;-11.10533674;-11.01259941;-10.3571009;-9.511306149;-8.86778419;-8.498999824;-8.556385488;-8.736300812;-8.804567955;-8.46375406;-7.737028229;-6.799206947;-6.034947218;-5.49918255;-5.325716184;-5.496120958;-5.945142932;-6.634081319;-7.610693829;-8.672255836;-9.822237658;-10.74664851;-11.06633344;-10.78545381;-10.05479526;-9.20061972;-8.30391037;-7.470078664;-6.941928686
2.848956879;2.869566169;2.730993415;2.443247883;2.031309777;1.53488687;1.056000885;0.650760193;0.415974889;0.309802967;0.237516393;0.113598451;-0.117343613;-0.452556394;-0.812388118;-1.065457785;-1.088860146;-0.897377526;-0.632643702;-0.441577579;-0.531764838;-0.924263147;-1.718970468;-2.898532652;-4.445396575;-6.191265847;-7.790728251;-8.883284106;-9.291140669;-9.325740306;-9.356901972;-9.550093263;-9.833620133;-10.04857787;-10.04752002;-9.716465145;-9.415193859;-9.200682827;-9.075596008;-8.929790734;-8.579564803;-7.903487484;-6.981319574;-6.090639316;-5.396286685;-5.000448869;-4.96513545;-5.259385371;-5.872189476;-6.714572403;-7.700137724;-8.746566576;-9.729426173;-10.2394356;-10.20983782;-9.673271335;-8.971126231;-8.319016422;-7.59634331;-6.982592856;-6.537227353
2.127623462;2.120422201;1.951577256;1.609475976;1.125408798;0.582685461;0.085667147;-0.269399571;-0.394225843;-0.355354175;-0.265411037;-0.247602668;-0.332115468;-0.508138496;-0.674429302;-0.704564304;-0.531816209;-0.241222765;0.05840148;0.202321134;0.069927684;-0.419252888;-1.285673794;-2.584823887;-4.287733956;-6.247835484;-8.060464571;-9.087520005;-9.162502291;-8.795863055;-8.479034358;-8.445595312;-8.595221648;-8.900546982;-9.196859134;-9.334115281;-9.372869793;-9.269802859;-9.158704673;-8.847367555;-8.36375194;-7.61165781;-6.71267448;-5.845021979;-5.189904996;-4.87042692;-4.864861715;-5.234464258;-5.842590225;-6.663757605;-7.58755333;-8.498037356;-9.247311661;-9.422175256;-9.098377566;-8.566784023;-8.036230741;-7.563957548;-7.133379809;-6.732573158;-6.469031615
1.389408946;1.353516269;1.128831945;0.74978944;0.210984633;-0.364392059;-0.863834609;-1.106528677;-1.078902359;-0.83791595;-0.570124524;-0.368405154;-0.297696315;-0.294717485;-0.2809696;-0.144643154;0.126258113;0.453271644;0.723877378;0.790915322;0.587871562;0.017589117;-0.975358466;-2.409280153;-4.310477351;-6.562340684;-8.652320767;-9.619208357;-9.195478695;-8.343724771;-7.651705539;-7.285486973;-7.250039233;-7.384261097;-7.688932661;-7.982991058;-8.246126771;-8.452869569;-8.512724449;-8.396439144;-7.995293926;-7.384600152;-6.512204742;-5.687995959;-5.040220641;-4.704728735;-4.664476202;-4.906702063;-5.429319259;-6.115688506;-6.907358233;-7.615000355;-8.075281748;-8.070061578;-7.732160662;-7.314343897;-6.940472716;-6.725856448;-6.564335503;-6.470962971;-6.429164063
0.588645847;0.508047939;0.249196573;-0.18427887;-0.745596043;-1.311051351;-1.678333239;-1.75664108;-1.504152706;-1.050598242;-0.579477854;-0.226600693;-0.009563347;0.141048508;0.272224701;0.510068939;0.797887122;1.081766256;1.273499436;1.251459446;0.950235;0.289027485;-0.813112176;-2.397477777;-4.542764593;-7.136371434;-9.490998313;-10.10863657;-8.957638809;-7.535034571;-6.525786733;-5.917081316;-5.681193577;-5.723908303;-5.957734045;-6.359200785;-6.820379932;-7.31630601;-7.749269799;-7.954594736;-7.810710637;-7.209480167;-6.398128967;-5.482330061;-4.734987618;-4.27958105;-4.11376135;-4.206553973;-4.590654638;-5.114214475;-5.761011441;-6.348041181;-6.722236259;-6.742532559;-6.552803379;-6.279607582;-6.080512727;-5.988390084;-6.027552449;-6.141726181;-6.342188045
-0.039108578;-0.199197764;-0.525785226;-0.960709781;-1.479385417;-1.883172037;-2.025659057;-1.841335822;-1.368051547;-0.74149772;-0.190656904;0.265050608;0.568144742;0.784227343;0.98494457;1.198387242;1.431281768;1.623383712;1.687053566;1.543976346;1.109373614;0.316142604;-0.94270563;-2.724772666;-5.150908249;-8.157316876;-10.55627834;-10.04546514;-7.988845392;-6.252449055;-5.079079117;-4.384152988;-4.050336241;-4.054292681;-4.342364504;-4.818552038;-5.515294849;-6.310071413;-7.086293666;-7.642634151;-7.666049158;-7.05620398;-5.99608804;-4.946898813;-4.091602367;-3.525749475;-3.25635747;-3.262083467;-3.51924683;-3.97806451;-4.548817493;-5.107340628;-5.52070228;-5.641407645;-5.578811227;-5.432506297;-5.336001878;-5.300532282;-5.41548943;-5.620089202;-5.955892579
-0.230988535;-0.487979391;-0.817361856;-1.183389132;-1.497811308;-1.656926983;-1.534767319;-1.156709964;-0.595341972;0.02666467;0.578665395;1.026773063;1.327906945;1.540899724;1.691189178;1.83653894;1.946671486;1.993224975;1.911572843;1.599501843;1.017788338;0.044831626;-1.393122185;-3.431463333;-6.175948006;-9.445755587;-10.85039528;-8.906605798;-6.487943215;-4.714312084;-3.59625065;-2.956791177;-2.699461271;-2.766822932;-3.13816481;-3.768220682;-4.665184567;-5.725834959;-6.816629159;-7.523494516;-7.448087481;-6.480192741;-5.198642175;-4.012195142;-3.095043514;-2.483998718;-2.188417312;-2.181629882;-2.432345264;-2.898403349;-3.510556184;-4.079777546;-4.562163143;-4.827628189;-4.889385922;-4.841147599;-4.764316793;-4.714340424;-4.766575842;-4.93065562;-5.250884323
0.243394617;-0.031283834;-0.290726249;-0.499059682;-0.612190416;-0.553973108;-0.300425968;0.105421804;0.605747562;1.111305702;1.566501077;1.914298761;2.148170473;2.287512735;2.351200963;2.36414267;2.329100104;2.206495017;1.922778341;1.432282925;0.621222989;-0.565681135;-2.277042578;-4.657035725;-7.841888698;-10.80672513;-10.0810515;-7.215474065;-4.876065502;-3.29310331;-2.307885023;-1.774913783;-1.616604418;-1.800187309;-2.314087649;-3.128298451;-4.230872197;-5.544960332;-6.843623574;-7.532730462;-7.019802072;-5.683244375;-4.208066786;-2.975351335;-2.069360928;-1.487061943;-1.233699104;-1.264261796;-1.553124107;-2.041095024;-2.658914696;-3.287651364;-3.795699841;-4.132459018;-4.270113337;-4.257485517;-4.175447576;-4.04657641;-4.00344969;-4.08776966;-4.331534435
1.29829629;1.079788527;0.928742368;0.849657729;0.866170546;1.005132635;1.262185495;1.597400984;1.952585729;2.306551684;2.600975504;2.825436373;2.949618411;2.96920942;2.91529754;2.783289189;2.566874614;2.262398316;1.762769966;1.026502645;-0.02270443;-1.508247198;-3.575927387;-6.388445991;-9.786746098;-10.99958223;-8.355826575;-5.523158345;-3.492231765;-2.158685805;-1.338211736;-0.962540223;-0.952236881;-1.29365232;-1.951074027;-2.940953407;-4.252195729;-5.768658657;-7.074450688;-7.35607122;-6.291379378;-4.667467263;-3.162114799;-1.974237004;-1.151686437;-0.64459803;-0.470585049;-0.539140929;-0.885761473;-1.426805793;-2.066117589;-2.715225294;-3.227952684;-3.590454051;-3.772790128;-3.770893855;-3.608096478;-3.421047046;-3.275733281;-3.259309458;-3.400966075
2.509903968;2.373730596;2.306762019;2.312436728;2.390376157;2.544096383;2.755775812;2.988349739;3.218410548;3.421864538;3.580092694;3.665997942;3.664049301;3.573088291;3.386002041;3.109184912;2.730458299;2.208083036;1.4865193;0.505715297;-0.847695044;-2.679290622;-5.163897484;-8.350026999;-10.8464253;-9.429949405;-6.41339762;-4.03094934;-2.386801408;-1.282914586;-0.649364488;-0.431446555;-0.57416932;-1.072267033;-1.907438618;-3.083412195;-4.599875879;-6.244492308;-7.371949436;-7.084187182;-5.553937503;-3.818725065;-2.344980724;-1.243093407;-0.48316208;-0.065892359;0.050598987;-0.102228441;-0.46297287;-1.009466787;-1.649230566;-2.251965166;-2.762530038;-3.085070906;-3.267295096;-3.218706848;-3.064481247;-2.825880351;-2.648406095;-2.575650327;-2.660179531
3.63737132;3.569206072;3.56242022;3.608614192;3.715788556;3.85778795;4.017817637;4.175530974;4.301051064;4.39355974;4.422547968;4.388985495;4.269820749;4.057268745;3.74519044;3.324835396;2.78647129;2.074114589;1.142710433;-0.086907723;-1.718292357;-3.852809578;-6.531115439;-9.148327134;-9.320307476;-6.987862033;-4.566422032;-2.727013909;-1.437037074;-0.591483055;-0.169307062;-0.116263932;-0.418131672;-1.055640973;-2.050734668;-3.393414428;-5.003533532;-6.603348513;-7.262376244;-6.409192657;-4.704211251;-3.01974382;-1.653037259;-0.651101686;0.019346169;0.361078146;0.425214187;0.258379753;-0.137064815;-0.653711683;-1.237509542;-1.794666437;-2.234232554;-2.518166065;-2.653823205;-2.621995935;-2.451201491;-2.224563338;-2.046187793;-1.952749537;-1.988514618
4.536418863;4.519561993;4.548134421;4.631431847;4.738808316;4.864824194;4.976803504;5.073047296;5.131640299;5.136645714;5.073534762;4.929126728;4.710923865;4.395067716;3.980807444;3.436968916;2.748305192;1.868341304;0.761261438;-0.674613785;-2.486558723;-4.693453977;-6.952067224;-7.975304523;-6.788816707;-4.787001355;-2.967944074;-1.588994002;-0.634959531;-0.059193399;0.169795307;0.078756204;-0.3454155;-1.102489239;-2.20888729;-3.606181898;-5.192927369;-6.500841877;-6.677230322;-5.586711709;-3.920849349;-2.363621505;-1.128764913;-0.214298624;0.359038511;0.663199008;0.70359963;0.525366968;0.189293101;-0.285572265;-0.765464296;-1.202789344;-1.542531187;-1.768837376;-1.870555265;-1.85607149;-1.700001468;-1.515266463;-1.382307959;-1.303070091;-1.309274678
5.190957343;5.203994796;5.263867826;5.349451234;5.450091512;5.546397091;5.627170681;5.666219396;5.662300511;5.585897593;5.444671729;5.221565395;4.907763733;4.495604162;3.978599492;3.314788073;2.492554483;1.480710482;0.22742006;-1.308108695;-3.118601753;-4.969386763;-6.191434264;-5.892795541;-4.522699418;-2.937820012;-1.608217855;-0.59300552;0.090964133;0.477766021;0.55189552;0.33805704;-0.183955658;-0.960665494;-2.023482504;-3.291282666;-4.597397669;-5.490692679;-5.415166853;-4.430148048;-3.066675721;-1.776432733;-0.721305979;0.076033094;0.590049588;0.854718676;0.888586802;0.741485047;0.449374478;0.092257326;-0.269779032;-0.58006924;-0.821571531;-0.984015955;-1.058162531;-1.032622218;-0.929623366;-0.787442457;-0.678194491;-0.616938021;-0.598696855
5.559383083;5.602610332;5.658689001;5.737431099;5.800991911;5.862487911;5.894104732;5.880687421;5.813921635;5.675283512;5.4613492;5.157952951;4.756971557;4.260416542;3.633301709;2.866573804;1.930376725;0.801355321;-0.548651644;-2.071724455;-3.632390036;-4.781078464;-4.868336183;-3.968559478;-2.67723858;-1.431849237;-0.419673631;0.326877522;0.799273375;1.021731011;0.999387335;0.721110083;0.209188094;-0.508809819;-1.429259648;-2.433594324;-3.352118685;-3.921519242;-3.83039165;-3.148838565;-2.174328512;-1.204500298;-0.336895889;0.309647849;0.76993122;0.99303763;1.031724567;0.935173966;0.730172032;0.472319257;0.239040647;0.033386189;-0.129256;-0.236203541;-0.278898069;-0.281503768;-0.192724178;-0.103050242;-0.018671857;0.037931731;0.061979033
5.568418659;5.627291176;5.675274774;5.71874897;5.758430361;5.770212193;5.745912649;5.675089835;5.540202673;5.33318972;5.036748076;4.655605135;4.165312021;3.562736801;2.823653755;1.94909061;0.91058707;-0.306137017;-1.647206529;-2.965998912;-3.917207346;-4.078956847;-3.393872117;-2.30378237;-1.147803416;-0.155379834;0.649797908;1.206888648;1.544686015;1.672703529;1.594942633;1.31541033;0.864244292;0.257792059;-0.457802615;-1.213936161;-1.876175001;-2.307803264;-2.354614874;-1.984993907;-1.363481643;-0.685705984;-0.048260755;0.477451143;0.85499499;1.072853137;1.136111853;1.099331716;0.98176559;0.835333796;0.703336247;0.592547103;0.488566868;0.413503973;0.365523621;0.36925092;0.425492713;0.490518477;0.556682348;0.604343623;0.63478595
5.154862955;5.220458827;5.246345597;5.265289891;5.259133032;5.214334199;5.126057026;4.983288141;4.772809304;4.491006202;4.111843485;3.626032433;3.039548853;2.313347585;1.464952524;0.473392459;-0.641913416;-1.828743174;-2.920112103;-3.612274491;-3.603580639;-2.943089368;-1.916540597;-0.827751618;0.165449325;0.968126716;1.597660626;2.031970236;2.270855108;2.350920017;2.258969453;2.011778192;1.628402539;1.153753923;0.593589856;0.000204711;-0.520691013;-0.924116461;-1.083498907;-0.98402466;-0.67835644;-0.256827542;0.195992044;0.61377092;0.933067208;1.130176087;1.23903407;1.262558917;1.245239641;1.202361629;1.147503275;1.108542134;1.051371728;0.989361108;0.942480001;0.933424738;0.952467764;0.994080192;1.044736047;1.104954217;1.154714964
4.249819525;4.310834103;4.342091195;4.324140775;4.270041416;4.154202332;3.997233526;3.77264061;3.482229942;3.10185222;2.621492821;2.023379078;1.316160556;0.482323049;-0.456353379;-1.460496978;-2.446108796;-3.224630863;-3.513045069;-3.24101196;-2.449638061;-1.434405605;-0.397649065;0.534673979;1.338819467;1.975471537;2.463831688;2.797165802;2.97569523;3.025419283;2.93773921;2.727172724;2.408858133;2.004268372;1.53218212;1.038982023;0.547235269;0.129842553;-0.141077352;-0.229602531;-0.144497591;0.077169021;0.377500007;0.687282011;0.955383065;1.180314227;1.3356587;1.426630259;1.476885097;1.520846747;1.540614126;1.538376528;1.515468152;1.465505195;1.436691709;1.410570646;1.425508965;1.45516695;1.498129886;1.548489123;1.618245074
2.793954692;2.870323392;2.881203269;2.832023472;2.724537193;2.553020765;2.311961593;1.999927364;1.608711446;1.128054547;0.550568521;-0.128573859;-0.891299318;-1.721578413;-2.520568936;-3.161835398;-3.450840825;-3.247215742;-2.641980205;-1.761219219;-0.785219455;0.162313352;1.021114265;1.768725277;2.381683112;2.874637342;3.240030717;3.483433242;3.611453155;3.622518191;3.539785059;3.352245874;3.071779906;2.723360522;2.304124012;1.851753374;1.392328853;0.94793314;0.604453115;0.370627091;0.288433141;0.341430406;0.517911825;0.748504805;0.989753329;1.206049676;1.400397192;1.555289043;1.674095091;1.766007662;1.834217533;1.87676916;1.878356268;1.851880307;1.82138614;1.807893167;1.824957079;1.852539578;1.893536187;1.955715689;2.035863273
0.745843672;0.848093114;0.86107885;0.807456759;0.651111926;0.423363928;0.127158268;-0.251461082;-0.705370312;-1.210697744;-1.757438013;-2.315962712;-2.816371872;-3.146418228;-3.21315614;-2.973392541;-2.416533967;-1.638562426;-0.779442186;0.084308468;0.898288568;1.631941278;2.26907435;2.81152689;3.260365615;3.610699286;3.86848008;4.032858166;4.110672666;4.107762062;3.999787075;3.826558006;3.571140791;3.242478826;2.839815469;2.404280205;1.952234739;1.515279086;1.126994081;0.826535258;0.646132596;0.597685093;0.670448126;0.833049897;1.045011468;1.261938144;1.489786151;1.680384499;1.844258774;1.977474367;2.069872748;2.13966876;2.155530368;2.14781891;2.14054821;2.134271146;2.152985659;2.178025782;2.223333386;2.285924087;2.357495071
-1.630768583;-1.482650325;-1.430941199;-1.462961926;-1.573038829;-1.731653191;-1.963530268;-2.22285504;-2.477981358;-2.690145186;-2.811241288;-2.786871396;-2.595350064;-2.225390847;-1.690104362;-1.057958535;-0.340812219;0.385920699;1.087952715;1.741109629;2.322868583;2.839230695;3.289354512;3.664540942;3.968217006;4.199853169;4.360856229;4.452221253;4.479999109;4.438303614;4.327280533;4.149051145;3.88964006;3.572777242;3.205628809;2.791056883;2.364004075;1.925725254;1.52409221;1.204145321;0.975901716;0.856600705;0.854630637;0.962575151;1.132066073;1.35066114;1.565651828;1.771878837;1.962177459;2.110516291;2.218276802;2.280539139;2.316531392;2.329258519;2.327428571;2.332728509;2.355657017;2.38382623;2.429644232;2.49001702;2.565829684
-2.747678005;-2.642596103;-2.546106841;-2.467572055;-2.431838747;-2.39367936;-2.335877983;-2.220893503;-2.055244856;-1.804359796;-1.493001976;-1.091185533;-0.627027021;-0.103647136;0.444540225;1.00228206;1.543184848;2.089842505;2.570728366;3.024948605;3.420152408;3.762997199;4.05805876;4.302183611;4.492497504;4.628821767;4.712103425;4.742953555;4.725704896;4.648809349;4.518113807;4.329637121;4.075310036;3.778274073;3.420314189;3.043952889;2.629417191;2.218529271;1.85294772;1.53044497;1.294715114;1.148872059;1.107755643;1.179645271;1.316954877;1.496085883;1.707290897;1.901209158;2.089129171;2.228636944;2.329083995;2.401332753;2.434927449;2.448700978;2.456867509;2.468575352;2.486030607;2.506653003;2.545320274;2.599596784;2.663104196
-1.196593865;-1.177677638;-1.131438716;-1.050607067;-0.933472679;-0.772248352;-0.566809379;-0.3241687;-0.034499016;0.295119987;0.646402864;1.02863019;1.419034985;1.831046519;2.235943389;2.623658032;3.004340748;3.362074851;3.683350948;3.974405501;4.229627669;4.444982205;4.6211357;4.76689398;4.87577755;4.943996212;4.966722649;4.952771944;4.894379608;4.792954331;4.642744927;4.443166147;4.20176165;3.910485804;3.57881743;3.230277237;2.851699351;2.490802939;2.147154419;1.848051673;1.610673786;1.470139524;1.396817286;1.429271697;1.520193726;1.665165609;1.835103314;2.004924263;2.160233689;2.291640924;2.381214407;2.428364623;2.456390209;2.482508713;2.496312061;2.504064305;2.524821349;2.551997047;2.578450725;2.620170094;2.683246878
1.227017432;1.189534422;1.200333163;1.250013581;1.32178703;1.440348665;1.593242042;1.779727234;2.002773416;2.247286296;2.510016353;2.783580628;3.050402457;3.313874819;3.578042888;3.830613979;4.061102897;4.280950388;4.483062393;4.65684394;4.807873042;4.930693542;5.03211922;5.102493278;5.152042935;5.170431088;5.150335752;5.102496324;5.018017867;4.902876391;4.745426777;4.549233045;4.311643606;4.035971132;3.738316483;3.42314179;3.096439502;2.777208811;2.481646984;2.213451011;1.986527424;1.839788967;1.756222444;1.742187754;1.797727879;1.885123416;2.013457084;2.147727056;2.259657644;2.356461992;2.431758379;2.463695976;2.481623447;2.499508047;2.511773428;2.527712122;2.530992079;2.5560878;2.574649335;2.609339354;2.64975411
3.22266957;3.1783264;3.162429158;3.168005915;3.205171563;3.268561447;3.354612387;3.466739586;3.597911485;3.751340067;3.903610864;4.078462947;4.24354404;4.397182093;4.549179223;4.688244474;4.823862225;4.939576001;5.048708746;5.142071567;5.215411738;5.28013007;5.326221178;5.353736773;5.363999777;5.350041712;5.306147199;5.246582454;5.148489007;5.023796885;4.854110225;4.668304203;4.450260391;4.205454733;3.946258969;3.664868663;3.390181791;3.104718437;2.860000422;2.614823103;2.415127552;2.268466942;2.158542719;2.110244147;2.111965512;2.154097986;2.222670704;2.304376759;2.387113098;2.442024612;2.478997228;2.488909892;2.49114399;2.493460091;2.502883197;2.506936311;2.506429871;2.502397675;2.504947453;2.517215509;2.552041896
4.613744931;4.576244585;4.557195812;4.55614206;4.55476915;4.576845486;4.612689344;4.660504642;4.725981297;4.803547643;4.890896382;4.983269903;5.074154198;5.151121972;5.220174989;5.284574133;5.333542532;5.384267531;5.430898523;5.47057953;5.494226149;5.525278544;5.532351858;5.539868568;5.524409812;5.502738487;5.447672023;5.379528004;5.273007007;5.153618428;5.000409759;4.82895599;4.637219371;4.423292594;4.203307507;3.973042104;3.740016202;3.50711097;3.285638125;3.081440099;2.89642123;2.740961215;2.623903923;2.549365827;2.520938542;2.517954486;2.537409639;2.577313315;2.610576197;2.631618602;2.639783945;2.6139814;2.595431316;2.577161835;2.561702471;2.545546632;2.516972891;2.496340219;2.473913106;2.464747753;2.462345781
5.48205166;5.4577005;5.434667327;5.421711834;5.411028555;5.409171604;5.411222793;5.421349575;5.443819236;5.474704161;5.515060884;5.560885491;5.600484412;5.625909907;5.655898312;5.669952029;5.668140162;5.669535755;5.672802852;5.675814608;5.681848003;5.678832341;5.675978413;5.669701531;5.649938672;5.620710278;5.573464592;5.506696233;5.414362285;5.299363415;5.167395616;5.009134303;4.844103101;4.671201238;4.48900083;4.303207121;4.110777481;3.92282852;3.737007262;3.565385995;3.396752531;3.253108288;3.134157573;3.050334289;2.998066697;2.969628137;2.955340259;2.960069987;2.966974885;2.956446017;2.931622169;2.88489316;2.841541294;2.788545421;2.745391471;2.693656756;2.643610715;2.58734059;2.526943829;2.49550939;2.467660008
5.90571321;5.891802809;5.874012264;5.855930013;5.832460272;5.816831771;5.799207472;5.794439915;5.795105196;5.797682537;5.811436071;5.827642161;5.845209683;5.853137184;5.848286767;5.835120919;5.809353472;5.788388559;5.776624494;5.756182098;5.74048771;5.735854359;5.732375398;5.718406253;5.71154786;5.679531273;5.643131427;5.589490902;5.511749497;5.408880112;5.298125648;5.171124553;5.03592504;4.898047204;4.74859528;4.606601991;4.461660344;4.304154678;4.156293779;4.012612401;3.882580282;3.756995034;3.652423993;3.569774101;3.513769666;3.474456066;3.463619867;3.44988;3.443300058;3.422493981;3.385649594;3.32718453;3.259428973;3.192961247;3.122924879;3.049975405;2.971494625;2.89503399;2.818942981;2.765906143;2.720144001
5.95390703;5.944219439;5.924709978;5.906087123;5.878694242;5.860102439;5.83504607;5.818761307;5.808869477;5.807377825;5.818859278;5.827707426;5.838112155;5.838278651;5.83059878;5.804028502;5.776912486;5.751188656;5.723783731;5.705867719;5.690009948;5.682307831;5.685973468;5.686960143;5.692823833;5.672126677;5.650046203;5.608349393;5.553334749;5.480022297;5.39102137;5.294965484;5.190443166;5.086215683;4.97780792;4.863201994;4.755476849;4.637713812;4.528657515;4.421287072;4.313301344;4.224758678;4.136828462;4.072105222;4.03757259;4.009251784;3.997569315;3.994924014;3.986945706;3.974220323;3.934489957;3.885722438;3.820814397;3.748111109;3.671269365;3.597907092;3.513365528;3.439393385;3.358036037;3.298327369;3.269054515
5.685527668;5.678739538;5.656510304;5.639823626;5.614457592;5.598324447;5.568564505;5.55265764;5.54337987;5.545439528;5.552497229;5.561535101;5.574842337;5.589969007;5.586240177;5.574758398;5.548915597;5.527102817;5.502369819;5.492251476;5.488413711;5.505286638;5.523718188;5.542923173;5.553951216;5.566348514;5.562136015;5.548267541;5.515224005;5.469417527;5.411350655;5.350366078;5.278890068;5.208586698;5.129607019;5.049882413;4.971720465;4.894836078;4.822560831;4.74785758;4.680837909;4.624816109;4.574296385;4.536102844;4.516591025;4.512487707;4.515731567;4.523875356;4.531822896;4.532968824;4.516114066;4.479334981;4.439274365;4.379565983;4.324569079;4.257172574;4.197216507;4.133933407;4.0706149;4.027326257;4.00402295
5.162980181;5.149345858;5.136580254;5.117422505;5.095114289;5.074203126;5.054442338;5.047187309;5.041065759;5.052570049;5.061806024;5.092843709;5.115213485;5.139231153;5.151952611;5.151700476;5.144736144;5.132371222;5.128387407;5.132783956;5.154049295;5.182601595;5.232596585;5.276486823;5.318352981;5.348795569;5.371836118;5.386335641;5.384615777;5.369743788;5.352277401;5.317407674;5.278469226;5.242026184;5.202739253;5.158647254;5.117768952;5.069509915;5.036019242;4.996977561;4.96675772;4.94346417;4.931876474;4.928925643;4.934358825;4.947248776;4.973554333;4.996894486;5.017437019;5.03508168;5.036989777;5.032964004;5.013132631;4.985616804;4.946534308;4.900092336;4.873320884;4.841368194;4.799443841;4.776539159;4.766989214
4.470223036;4.456731678;4.440217993;4.4297257;4.405218498;4.397069312;4.382854009;4.381785617;4.384003377;4.393961137;4.417426331;4.452690586;4.485988132;4.52406622;4.548157254;4.558258146;4.569096363;4.573711393;4.587087135;4.620979904;4.661345908;4.725075841;4.797729274;4.878882843;4.950928596;5.01261781;5.062901958;5.110075017;5.146230601;5.163932814;5.179616191;5.190788285;5.197480496;5.205118474;5.195611171;5.186809983;5.177064956;5.172918735;5.163186938;5.161669931;5.171240342;5.185214913;5.203128477;5.227495274;5.25643266;5.291042342;5.333201442;5.36649072;5.399962136;5.427976126;5.450813866;5.46506749;5.469394654;5.458529911;5.448080896;5.436753803;5.418477233;5.404237951;5.388539874;5.377715424;5.373380164
3.755601168;3.743486508;3.734302069;3.728043109;3.709862975;3.703275815;3.699791408;3.696811289;3.698241005;3.710585113;3.723910484;3.752140347;3.790468683;3.824771357;3.856751987;3.87822932;3.887775855;3.913463145;3.941766707;3.995501734;4.062394775;4.159996331;4.263522894;4.366159282;4.464836985;4.568906558;4.659378871;4.731848034;4.791149745;4.857241853;4.921211534;4.976407069;5.029078212;5.07700102;5.105801037;5.136111178;5.166932777;5.189809517;5.218472193;5.253086178;5.287733548;5.33541921;5.379008083;5.432730291;5.480875887;5.523038232;5.571384587;5.609132566;5.649002288;5.682323345;5.71604171;5.73876459;5.753727414;5.75598112;5.752363135;5.749624403;5.748188068;5.753772936;5.750522781;5.741276244;5.74210334
3.160584259;3.157487426;3.162926283;3.160122011;3.148894077;3.141568377;3.137255852;3.135181468;3.12718145;3.122889173;3.118656538;3.130557466;3.145972252;3.167647096;3.18665407;3.202679999;3.21103819;3.215448957;3.263893441;3.315545671;3.403016858;3.515758783;3.642137781;3.778028785;3.915892164;4.038442605;4.157094262;4.270584252;4.367917348;4.472410892;4.579084427;4.676152215;4.776572046;4.876405313;4.95132824;5.021568185;5.081675181;5.143516901;5.199950019;5.257368843;5.324953983;5.391027518;5.459215038;5.524296772;5.583512092;5.634617238;5.674600023;5.703407496;5.733936401;5.753061522;5.780452329;5.793396754;5.804620282;5.79384297;5.788735903;5.78026021;5.780184223;5.774628334;5.783258802;5.78297217;5.778859305
2.820839118;2.839175588;2.838377991;2.84766482;2.843237589;2.847266452;2.837869529;2.830167601;2.803594199;2.771870645;2.742306846;2.714082247;2.695410286;2.689275566;2.682206537;2.655638346;2.635768643;2.623506588;2.630672813;2.681034605;2.76115332;2.86983434;3.007281045;3.160572063;3.316063094;3.465777271;3.621380506;3.765562811;3.902405009;4.048322632;4.19759195;4.351038679;4.49478034;4.633300044;4.765258312;4.872004132;4.966495742;5.059355267;5.133859884;5.21961438;5.293397516;5.368568218;5.442961575;5.510362142;5.567255186;5.60323102;5.62067255;5.632986543;5.63027782;5.625538539;5.622373106;5.610087923;5.595926396;5.57443693;5.538110028;5.501508294;5.486447341;5.468859189;5.461594089;5.450671711;5.441795503
2.724580052;2.746563183;2.758855015;2.77796959;2.780058643;2.778359143;2.781543626;2.763827703;2.728397879;2.69022713;2.636968972;2.575791516;2.520128966;2.476284611;2.424054823;2.348734202;2.268697747;2.209319007;2.158861848;2.153938507;2.188420418;2.274995554;2.405662065;2.552674896;2.717636802;2.885358946;3.061283999;3.232852855;3.41362997;3.606081846;3.800271558;4.003422485;4.207576424;4.400976854;4.577636433;4.722248914;4.854152478;4.958195589;5.053444941;5.141037104;5.221265725;5.281093145;5.348143545;5.400286095;5.422939058;5.427899228;5.406090383;5.368262601;5.317185788;5.264815912;5.206320114;5.149254377;5.082006763;5.007732949;4.931268011;4.852766313;4.784361507;4.73661907;4.705246193;4.684740451;4.663206302
2.762516046;2.795936308;2.825999386;2.847849464;2.860335941;2.86992726;2.869381362;2.869951219;2.848434252;2.793480483;2.726201611;2.644408539;2.558400548;2.467497095;2.368778222;2.248535507;2.101504907;1.956977427;1.8407241;1.749207395;1.723431627;1.76022904;1.855097368;1.976617418;2.144087259;2.325304756;2.524905938;2.731292909;2.952833883;3.179673421;3.426644824;3.690512616;3.940945173;4.1878021;4.401311242;4.590586137;4.744567898;4.860284065;4.946970878;5.029927291;5.092951932;5.135441686;5.156542043;5.163138399;5.134915948;5.081625039;5.00157557;4.885101517;4.759259595;4.622782036;4.484603849;4.348828219;4.201010561;4.05016326;3.892352863;3.746180312;3.616597651;3.515974838;3.447020458;3.399726569;3.361476509
2.829670053;2.866116959;2.899941502;2.934819508;2.965059736;2.992859337;3.005683583;3.022642411;3.015280145;2.978392376;2.916115364;2.822423791;2.714015002;2.604436811;2.45802583;2.280065243;2.074781543;1.858472908;1.6455501;1.480401297;1.377248452;1.333068208;1.375324683;1.466590389;1.620470972;1.803180784;2.022474113;2.265027002;2.5340411;2.813688108;3.111167207;3.415240514;3.725391723;4.006713009;4.274511025;4.478388472;4.635668644;4.748903236;4.831728003;4.876130119;4.896844838;4.886298426;4.847253835;4.787786882;4.689268044;4.542548485;4.357904738;4.141639011;3.887957451;3.624648458;3.37065422;3.107853481;2.853629635;2.583970745;2.319151502;2.074313929;1.858611021;1.69571547;1.578893162;1.503212739;1.458201293
2.82944377;2.877864602;2.932212512;2.990531838;3.034190219;3.073231163;3.110604957;3.142724514;3.149808438;3.130581205;3.073738436;2.979607363;2.861762979;2.715847538;2.545366823;2.333743587;2.080778359;1.812613707;1.535243324;1.294052945;1.121555083;1.028064237;1.011967885;1.069494693;1.199044081;1.375423719;1.610108846;1.884636638;2.192573293;2.509097836;2.852481149;3.194565043;3.545143338;3.853910908;4.124996423;4.348771446;4.497163623;4.598696994;4.643249023;4.641195221;4.596418015;4.512364794;4.383490897;4.230962582;4.015205384;3.735002318;3.413369979;3.027687568;2.611899613;2.168394181;1.736983192;1.310254355;0.897093379;0.495222843;0.124416504;-0.208726202;-0.498838071;-0.698496104;-0.842506812;-0.923194343;-0.945985013
2.769170912;2.825044912;2.888899707;2.957307845;3.015960503;3.071394862;3.123942635;3.160887977;3.189269038;3.17524706;3.124613625;3.029923364;2.906797762;2.756737767;2.565409679;2.330811188;2.060945595;1.751070222;1.452293601;1.175843005;0.951994887;0.819880406;0.762437334;0.793351139;0.891509433;1.060192918;1.300392788;1.596805324;1.918026707;2.271139014;2.647435275;3.016533022;3.382461398;3.711800616;3.985454709;4.19730189;4.32635829;4.379237264;4.369041356;4.281086085;4.153982935;3.965607592;3.725220423;3.424887063;3.056698657;2.612719764;2.08261954;1.481212259;0.8343813;0.166891644;-0.488774877;-1.081396015;-1.618797343;-2.055891779;-2.395634069;-2.590711834;-2.702672492;-2.745551576;-2.73531331;-2.691044034;-2.634310203
2.618917792;2.684796522;2.758799086;2.827527017;2.893310951;2.949839101;2.993840762;3.036829693;3.064578008;3.055260318;2.994768595;2.907663855;2.77538036;2.626166735;2.439487688;2.205137749;1.941374988;1.656027219;1.361662535;1.093376083;0.885319685;0.730669208;0.647511639;0.651224181;0.71441552;0.850269664;1.07446625;1.349239789;1.684922345;2.055957446;2.455035848;2.84286256;3.215051718;3.541982778;3.814622025;3.992072732;4.083216089;4.073589274;3.974107851;3.796628663;3.543116483;3.217726967;2.833000398;2.358764789;1.793872883;1.109259042;0.340376493;-0.508142506;-1.417486788;-2.266816017;-2.987095426;-3.471692553;-3.681979996;-3.623897643;-3.348082982;-2.957952673;-2.546468987;-2.201752271;-1.944269036;-1.736780947;-1.627304717
2.400064515;2.456713124;2.520967557;2.579348974;2.626449543;2.672770088;2.705758946;2.747319882;2.755503087;2.738376388;2.669122887;2.574639376;2.446694317;2.294336179;2.130525703;1.923095966;1.688344211;1.44900367;1.206972184;0.995466553;0.806987867;0.681210459;0.601101653;0.561568145;0.590361707;0.676184225;0.866975469;1.116033699;1.453040782;1.830098338;2.243201226;2.650487451;3.0366363;3.36679869;3.619421187;3.755680602;3.796714671;3.698869438;3.490024247;3.181177924;2.772445178;2.28336536;1.695782453;1.006697952;0.201311009;-0.736492258;-1.739598857;-2.756008485;-3.584700519;-4.064385784;-4.063057331;-3.677691735;-3.021512767;-2.25481036;-1.506135438;-0.82095871;-0.261360668;0.18740396;0.498777626;0.701997238;0.828853224
2.110683005;2.141929546;2.191275839;2.214367932;2.243629087;2.251066159;2.259690351;2.270741417;2.247002384;2.220371817;2.140526243;2.03551508;1.91271452;1.781470542;1.643163766;1.502242281;1.344582301;1.175479818;1.020666692;0.88411262;0.75464533;0.640769192;0.541760684;0.457517385;0.413995732;0.417998223;0.518910646;0.757563482;1.098188882;1.505513511;1.962826521;2.408176796;2.830309613;3.166401842;3.409564271;3.514356093;3.472338972;3.285250375;2.952093799;2.478194554;1.882219216;1.168321147;0.36034019;-0.577933607;-1.619291736;-2.692134462;-3.620356814;-4.114059377;-3.971373921;-3.311936909;-2.393382289;-1.43570492;-0.531035923;0.291793443;0.987213894;1.582825593;2.058888907;2.427553898;2.697435169;2.879058939;2.983081785
1.732642125;1.76015092;1.77008328;1.772438153;1.745962792;1.715836164;1.682005663;1.635875188;1.578486057;1.503342334;1.402629649;1.274861499;1.163600168;1.070752006;1.000440763;0.948238144;0.900335073;0.85347245;0.81297304;0.753373502;0.685961005;0.592302563;0.44208373;0.276085106;0.10945623;0.005205264;0.025268956;0.224314322;0.588454515;1.07602102;1.623170816;2.162008605;2.637806557;2.998402695;3.222260751;3.287656126;3.178707638;2.878602332;2.398262622;1.745143414;0.927222398;-0.020368451;-1.085630057;-2.224191735;-3.297953683;-3.996865015;-4.022936211;-3.310156042;-2.219715241;-1.024375914;0.054035962;0.98112992;1.766965398;2.433459467;2.972690444;3.428537927;3.781841337;4.055259125;4.266957942;4.4086892;4.47806302
1.276594558;1.286277825;1.273200061;1.223735481;1.163867395;1.054674936;0.948470214;0.832073834;0.710405147;0.58130261;0.44169528;0.316135816;0.256163;0.255587987;0.308300789;0.410160593;0.500451563;0.586036311;0.649280418;0.655918721;0.613318056;0.471364836;0.255508727;-0.037383948;-0.360479261;-0.621063039;-0.692907349;-0.493110899;-0.037235488;0.600292233;1.285030321;1.932712936;2.478575863;2.869186697;3.090234601;3.109911381;2.913469193;2.492860868;1.854653376;0.989751596;-0.072580891;-1.27509179;-2.53433783;-3.634335106;-4.202309917;-3.854464004;-2.808520981;-1.469706906;-0.145799663;1.021149733;1.977850974;2.765582629;3.404731222;3.918373143;4.32078287;4.642503589;4.885529672;5.075867888;5.210381037;5.309320681;5.371564911
0.710126832;0.710887716;0.665125749;0.569506937;0.416243907;0.228877199;0.035700656;-0.193961306;-0.381005291;-0.576036513;-0.725393123;-0.786718451;-0.761546106;-0.588686855;-0.356980647;-0.082420605;0.176837675;0.393415931;0.532818755;0.598149088;0.533575361;0.339086295;-0.007566495;-0.47175485;-0.998540562;-1.417479108;-1.588065385;-1.322825848;-0.688479525;0.148938361;1.031719905;1.806572805;2.418523523;2.831782807;3.024186192;2.983164186;2.694886579;2.134044801;1.305541884;0.200384617;-1.131101366;-2.596195544;-3.896045004;-4.53345816;-4.112421544;-2.819008047;-1.271681861;0.176500354;1.4357682;2.453141218;3.278778617;3.933907343;4.437039448;4.829429626;5.115495784;5.318539523;5.465062216;5.573013135;5.646731897;5.702241968;5.73640746
0.049708076;0.011543271;-0.102209752;-0.278164274;-0.511912424;-0.815068587;-1.125585401;-1.434678304;-1.705904274;-1.909211191;-2.008543917;-1.942819254;-1.71120631;-1.338421061;-0.889239387;-0.447489195;-0.059606798;0.244530574;0.432925886;0.4790493;0.376369427;0.085199024;-0.407502536;-1.060086428;-1.790604778;-2.390586829;-2.575898166;-2.121875365;-1.208614131;-0.099992267;0.932021364;1.793799771;2.441920775;2.835984533;2.973010979;2.847627917;2.419732435;1.693377472;0.627740682;-0.780793249;-2.487896711;-4.217681736;-5.317998628;-4.992185987;-3.430848025;-1.592889335;0.070135878;1.45030707;2.560188686;3.434189065;4.108020303;4.631904926;5.01779931;5.29257033;5.476848641;5.577997577;5.636040629;5.655740245;5.663149082;5.664272652;5.673079504
-0.736245712;-0.81281905;-0.988649849;-1.249957353;-1.579979606;-1.987437082;-2.379580364;-2.77040046;-3.070154041;-3.225034046;-3.206319405;-2.940388726;-2.478255021;-1.888051642;-1.274419594;-0.70633676;-0.250556512;0.089191183;0.270845038;0.281088994;0.102268992;-0.306102219;-0.941226546;-1.784682941;-2.710602628;-3.42019481;-3.478651683;-2.731296492;-1.509413592;-0.1884097;0.948963569;1.839758082;2.474057639;2.811418004;2.868237273;2.60936342;2.026503598;1.070191141;-0.324483105;-2.167488462;-4.434809994;-6.440662513;-6.632530794;-4.74690671;-2.425375407;-0.42523612;1.160862577;2.410825929;3.355314279;4.083980988;4.616147908;5.006577792;5.277703986;5.431841978;5.506333745;5.517368576;5.479277817;5.417066213;5.354489018;5.293507863;5.258230155
-1.551144296;-1.676458477;-1.904812998;-2.229487021;-2.666143487;-3.126914254;-3.608179565;-4.026309307;-4.264666786;-4.309542288;-4.092274679;-3.618209192;-2.959940783;-2.232699489;-1.56855811;-0.981234307;-0.514599222;-0.22340116;-0.069673454;-0.119402621;-0.382139638;-0.899583977;-1.661716379;-2.655670867;-3.706622231;-4.422645006;-4.199932831;-3.126369658;-1.652346788;-0.228601339;0.935329564;1.813061846;2.393183133;2.654523311;2.584325722;2.172858482;1.371028305;0.107991377;-1.722616689;-4.273606577;-7.400061344;-9.0700974;-6.794794329;-3.674186961;-1.177497585;0.707789677;2.117362311;3.181204154;3.952284247;4.505317008;4.888496681;5.137258819;5.278899364;5.326600348;5.286839566;5.19240628;5.057068146;4.917805292;4.772906042;4.6457926;4.551571896
-2.333890213;-2.485344363;-2.760069216;-3.155031105;-3.621813299;-4.137496022;-4.606639955;-4.953664738;-5.10220131;-4.983821551;-4.595374722;-4.004744416;-3.282826005;-2.564412937;-1.915542637;-1.370933209;-0.966955503;-0.713825433;-0.62166381;-0.718564085;-1.042275654;-1.647199282;-2.490284356;-3.586128156;-4.670465021;-5.240114495;-4.78435951;-3.43268762;-1.835652625;-0.388158796;0.770251765;1.592498197;2.096677867;2.258681812;2.054814663;1.447899069;0.385644087;-1.291508768;-3.81816322;-7.548212575;-11.81578312;-9.641447547;-5.224088143;-2.088598133;0.132077804;1.736113889;2.906237528;3.755854036;4.341398619;4.723881088;4.941328785;5.049319379;5.049864198;4.968259131;4.822078399;4.628040662;4.415898137;4.188057429;3.971807582;3.766128264;3.610127736
-3.058605675;-3.258933794;-3.58721994;-4.006067555;-4.490700381;-5.000209511;-5.387843825;-5.62550641;-5.617971373;-5.376236884;-4.87838297;-4.278719158;-3.620139901;-2.980425878;-2.417971352;-1.954308287;-1.617514625;-1.388996792;-1.323196254;-1.443363794;-1.80555008;-2.412327923;-3.28540685;-4.387415961;-5.435257924;-5.905943124;-5.255521059;-3.815165281;-2.175618069;-0.733843455;0.40000038;1.186307102;1.617101774;1.672023277;1.310665996;0.486176199;-0.919057646;-3.168928715;-6.763314487;-12.72171091;-13.43940427;-7.114960578;-3.104757753;-0.506376011;1.309014978;2.618979474;3.533145662;4.17502745;4.564902728;4.767913367;4.833794822;4.778099201;4.643423239;4.426080574;4.177553965;3.885333633;3.578116284;3.284729022;3.005834118;2.736731483;2.518688848
-3.777119103;-4.030119436;-4.399153883;-4.835277523;-5.320105753;-5.752423461;-6.052205823;-6.170891724;-6.074987523;-5.761049848;-5.308184265;-4.749201957;-4.190520874;-3.683845695;-3.199383847;-2.813489906;-2.469768317;-2.233048789;-2.105208977;-2.185085515;-2.475378874;-3.035210474;-3.854792753;-4.885880593;-5.924482091;-6.408426748;-5.813204892;-4.336631079;-2.679693614;-1.211597251;-0.072842874;0.684549665;1.069977193;1.018323164;0.490532687;-0.587864974;-2.393110083;-5.363414458;-10.60489683;-17.23050241;-9.444797002;-4.376357609;-1.279058446;0.820718625;2.280024011;3.307007944;3.987510239;4.429680323;4.641827441;4.678472839;4.583456032;4.382935331;4.10120895;3.762308267;3.390766937;3.014234485;2.62774933;2.28010464;1.952684055;1.65456514;1.384078333
-4.470537631;-4.785749274;-5.171093678;-5.612169237;-6.090274117;-6.495986368;-6.75267202;-6.838156748;-6.737400222;-6.463989574;-6.1110061;-5.697181869;-5.281324366;-4.836629628;-4.404174749;-3.943208758;-3.502005719;-3.104195893;-2.818012326;-2.724009859;-2.879983114;-3.346680129;-4.106428553;-5.169444489;-6.34049168;-7.058218987;-6.599080807;-5.084730958;-3.266176275;-1.722670404;-0.545166593;0.210955939;0.546439075;0.397262593;-0.268190641;-1.605835608;-3.860673874;-7.6702658;-14.63868445;-12.99275424;-6.290281939;-2.446844498;0.051639152;1.771651992;2.962834524;3.759496863;4.252387049;4.512859859;4.574010963;4.457257576;4.221869011;3.882462959;3.481992134;3.033942806;2.568431619;2.117169344;1.692836399;1.311483552;0.989281851;0.694058528;0.410632225
-5.119850172;-5.414618729;-5.844344193;-6.272318775;-6.745233617;-7.18659687;-7.511636076;-7.667537682;-7.664361935;-7.558083426;-7.399209537;-7.218733324;-6.938226475;-6.531788635;-5.988050804;-5.283841785;-4.515531782;-3.825929706;-3.280781373;-3.000139652;-3.031923167;-3.431057561;-4.248101558;-5.460674502;-6.993730433;-8.16908039;-7.805692404;-6.003099084;-3.920100672;-2.190583018;-0.94549839;-0.191787518;0.094611122;-0.141111447;-0.982607873;-2.556558726;-5.234497876;-9.847478411;-15.51845468;-9.382624454;-4.320820959;-1.181194902;0.916596606;2.365058891;3.35090076;3.972120718;4.301628195;4.410967636;4.330111446;4.091553105;3.741866429;3.303956833;2.804172561;2.289523896;1.785457801;1.309767684;0.916180168;0.596613338;0.343231157;0.138367684;-0.082462557
-5.714881084;-5.98476945;-6.32345392;-6.745166628;-7.287428951;-7.806484269;-8.280529498;-8.659560227;-8.89208878;-9.017623773;-9.085577886;-9.108687091;-8.884614322;-8.329799744;-7.403606285;-6.269660205;-5.086112576;-4.072948632;-3.340349267;-2.976139917;-3.011959156;-3.487339601;-4.458985664;-6.003347939;-8.044956042;-9.791460321;-9.179671363;-6.720651929;-4.286428161;-2.428201218;-1.16814161;-0.445204417;-0.262498183;-0.617538528;-1.612711765;-3.421640703;-6.493463757;-11.58943544;-13.17179934;-7.166672642;-3.032144939;-0.35775855;1.473305227;2.716156708;3.53637212;4.000278168;4.186451648;4.159438613;3.952337548;3.60523602;3.161679845;2.660422228;2.120175925;1.587505045;1.127934821;0.747828014;0.48266805;0.308747106;0.22722559;0.166898002;0.076669124
-6.296469477;-6.448348917;-6.708888993;-7.076719342;-7.664075611;-8.313772442;-9.020011871;-9.631233382;-10.13040037;-10.50091271;-10.73406112;-10.77209053;-10.34547808;-9.408750911;-8.01786605;-6.492705676;-5.12098432;-4.015229601;-3.261898764;-2.919823869;-3.061029487;-3.705532481;-4.946483857;-6.948828884;-9.777328025;-12.11064256;-10.35345632;-6.984258686;-4.309155468;-2.479136285;-1.2903736;-0.677858962;-0.608022457;-1.105711044;-2.297397001;-4.418346342;-7.934443564;-13.16452264;-11.15746003;-5.767087123;-2.21682734;0.135449434;1.755126806;2.836568913;3.495045199;3.834920831;3.90179729;3.74240084;3.417214199;2.988576081;2.485347565;1.961814749;1.46256023;1.039408345;0.74411489;0.570268542;0.52167143;0.581047198;0.665457767;0.759033479;0.766715999
-6.782076271;-6.772499905;-6.92912498;-7.28916657;-7.880939082;-8.705728346;-9.616152692;-10.45698467;-11.07260431;-11.38904656;-11.45414021;-11.13157424;-10.29603504;-9.105183782;-7.655342859;-6.179198031;-4.863917004;-3.827436227;-3.208115315;-3.030690274;-3.320291104;-4.206210771;-5.768077942;-8.34768253;-11.93751676;-13.88110782;-10.2953277;-6.611949611;-4.09314773;-2.424638694;-1.394269051;-0.941640565;-1.050160953;-1.747403397;-3.175242795;-5.645430082;-9.837677686;-14.62077452;-9.739448314;-4.8658714;-1.71176504;0.387068457;1.816307804;2.746573994;3.277818973;3.496392312;3.43776197;3.168797196;2.755859776;2.267061606;1.759230013;1.290518636;0.922647029;0.693090854;0.616660345;0.680127683;0.844985127;1.056776825;1.288283614;1.452932365;1.54170028
-7.223447921;-7.035984222;-7.121586783;-7.500514348;-8.195426775;-9.107751658;-10.13556005;-11.02363147;-11.50735115;-11.57004786;-11.12847718;-10.30618097;-9.367740959;-8.198208466;-6.938968361;-5.681758899;-4.581172316;-3.747837721;-3.298843719;-3.297819129;-3.809779936;-4.942324939;-6.873552365;-9.876380908;-13.69562602;-13.30736056;-9.137978128;-5.891325983;-3.682815212;-2.265129293;-1.458603192;-1.191812684;-1.465086318;-2.361651924;-4.095891317;-7.023358137;-12.18275637;-15.4460866;-8.762814783;-4.288747218;-1.443607151;0.477369975;1.751117312;2.560710336;2.988384433;3.109280692;2.960416942;2.615745416;2.13683821;1.620730611;1.157639286;0.807421587;0.610808631;0.582107199;0.726332134;0.974727406;1.287662913;1.611145299;1.8958662;2.117986078;2.240214589
-7.493804257;-7.278313006;-7.354816023;-7.828242217;-8.614545398;-9.6528158;-10.72472667;-11.46916123;-11.62324376;-11.19968249;-10.41280921;-9.476610775;-8.502421327;-7.499397289;-6.439643539;-5.426231324;-4.539244934;-3.888481908;-3.645908895;-3.82786333;-4.561280441;-5.974935585;-8.209224271;-11.46705895;-14.03589921;-11.4530889;-7.807481966;-5.120203379;-3.316899021;-2.16102608;-1.567438512;-1.483642885;-1.94817546;-3.0392947;-5.01492136;-8.408849086;-14.091646;-14.07927378;-7.749500494;-3.822929591;-1.25820781;0.465643936;1.605605235;2.307321354;2.647191154;2.690499241;2.48890347;2.101100146;1.608804878;1.116989448;0.730922849;0.517405193;0.517626916;0.694554891;0.992270502;1.372749011;1.767060825;2.15115768;2.465652292;2.712549074;2.843937722
-7.634053861;-7.459491208;-7.666531636;-8.248398392;-9.153488994;-10.22964204;-11.17234699;-11.68034413;-11.45656684;-10.75434262;-9.880230201;-8.954819238;-8.149008152;-7.293717804;-6.407989905;-5.524371316;-4.79406394;-4.349588538;-4.275612595;-4.669512898;-5.635752618;-7.268408635;-9.707402761;-12.69670912;-13.06349383;-9.926176183;-6.867269689;-4.647192884;-3.137255219;-2.204805563;-1.794103028;-1.864645495;-2.468626576;-3.746381419;-5.91638128;-9.463357479;-13.90093227;-11.34617233;-6.553014512;-3.259336449;-1.043710503;0.469319433;1.477349123;2.058345639;2.331034236;2.31936814;2.100284737;1.710393427;1.236756957;0.795648253;0.489350077;0.40703508;0.538671456;0.854912368;1.281930649;1.741691872;2.202339841;2.608235063;2.950154606;3.194929328;3.328742866
-7.449731936;-7.468733791;-7.852912574;-8.582542474;-9.597742007;-10.62258996;-11.42001588;-11.64530477;-11.38292368;-10.63970213;-9.852377598;-9.06481067;-8.345544476;-7.546657828;-6.75962946;-5.941293646;-5.323684802;-5.003414385;-5.099911932;-5.677793251;-6.813752374;-8.652311368;-11.09833007;-13.06811262;-11.94129345;-8.99205098;-6.437529284;-4.576364671;-3.306569735;-2.538116796;-2.274492531;-2.482445309;-3.244729368;-4.641986551;-6.942412421;-10.13874754;-11.77149233;-8.719335354;-5.172731477;-2.559964082;-0.69180929;0.566503016;1.398329536;1.862255426;2.040420886;1.992566527;1.750796024;1.383956906;0.967639878;0.600878143;0.394960572;0.409060955;0.664481567;1.096263482;1.601378256;2.146448281;2.644752527;3.08845981;3.442314174;3.691507832;3.825109857
-7.385301856;-7.554998633;-8.096033146;-8.965803415;-10.03654962;-11.02970109;-11.70606243;-11.87225834;-11.55167296;-10.94592386;-10.22939282;-9.503308948;-8.788909913;-8.006134933;-7.168638825;-6.41446494;-5.844631167;-5.654090648;-5.862590107;-6.555031132;-7.804005292;-9.617538716;-11.76556502;-12.85343311;-11.35995088;-8.789897128;-6.570637683;-4.952735959;-3.821598359;-3.170684009;-2.994824509;-3.299376154;-4.160277671;-5.641474894;-7.83772569;-9.998934531;-9.528586678;-6.678359093;-3.916185707;-1.80083124;-0.274858741;0.75417524;1.418015672;1.75246873;1.831161653;1.722726366;1.478953673;1.137156713;0.785621229;0.50181178;0.376019891;0.46743226;0.792573844;1.293748429;1.865542761;2.448191923;2.984004613;3.459927763;3.827085062;4.090803068;4.242592117
-7.940250243;-8.179777437;-8.829982683;-9.790957119;-10.87529675;-11.81166954;-12.40047015;-12.5598504;-12.19043119;-11.52722743;-10.73122872;-9.880975565;-9.041372376;-8.165004876;-7.316563065;-6.606385063;-6.157037703;-6.080775206;-6.402027194;-7.15380161;-8.370460077;-10.04370185;-11.86173452;-12.62829931;-11.37398457;-9.192116411;-7.217616996;-5.655865911;-4.600297376;-4.031627337;-3.913099701;-4.27597417;-5.229136899;-6.732318959;-8.575076779;-9.412922505;-7.862338858;-5.252100372;-2.959240773;-1.195056396;0.077101152;0.917745077;1.421339978;1.646513654;1.641410216;1.477711783;1.215397527;0.913762161;0.637701196;0.443350688;0.399572837;0.576174168;0.942362627;1.467901586;2.04084652;2.645333198;3.191825018;3.670721821;4.051594345;4.32723546;4.476415752
-8.78681577;-9.029320408;-9.731506795;-10.60153533;-11.59799784;-12.48012988;-13.00147322;-13.08789889;-12.63793236;-11.70661131;-10.75332908;-9.793460763;-8.89573758;-8.037423948;-7.304861122;-6.750023565;-6.448506493;-6.517990184;-6.903380476;-7.676716418;-8.833005975;-10.32781453;-11.91877819;-12.66708139;-11.71413832;-9.829629291;-7.977646945;-6.505162399;-5.488361533;-4.948067885;-4.870755593;-5.341015445;-6.346653512;-7.839603388;-9.166262526;-8.911823633;-6.842905252;-4.429748107;-2.401571365;-0.862340617;0.227613079;0.938792654;1.336954559;1.464493861;1.39660504;1.207998252;0.94558256;0.705748006;0.526191053;0.449699501;0.501783968;0.717370849;1.095134342;1.584962083;2.141619312;2.706670653;3.227474804;3.691027361;4.071098452;4.344225901;4.504733548
-9.755348367;-10.05017459;-10.64183475;-11.45842026;-12.29490455;-13.04973435;-13.51781033;-13.40601093;-12.62557973;-11.42332773;-10.23701333;-9.276287481;-8.431442082;-7.771695631;-7.27355445;-6.978386786;-6.88596417;-7.054963982;-7.512783763;-8.285449207;-9.379750634;-10.73081108;-12.09640491;-12.60339333;-11.64718571;-9.909997298;-8.174960502;-6.817704867;-5.879703652;-5.446586119;-5.474319148;-6.019792517;-7.147920001;-8.64681776;-9.70994151;-8.796845327;-6.484799071;-4.130011676;-2.21318407;-0.775020747;0.247013354;0.89287542;1.245847236;1.337075436;1.250672476;1.051651866;0.811441174;0.635578943;0.5325312;0.546968332;0.665940304;0.916989618;1.265702399;1.715672987;2.205564434;2.71292687;3.190600668;3.622929844;3.970352759;4.220481806;4.367210514
-10.97862483;-11.24595147;-11.78691029;-12.44033013;-13.24312842;-14.03890828;-14.44204759;-13.88200375;-12.48612422;-10.97114213;-9.698774133;-8.773127251;-8.126265619;-7.751156764;-7.546049279;-7.512007689;-7.615424832;-7.890915022;-8.430009531;-9.193000875;-10.33546473;-11.64634352;-12.83416782;-12.86210545;-11.50931566;-9.641758575;-7.926886983;-6.619398166;-5.815326185;-5.470304556;-5.65865277;-6.373912003;-7.676992997;-9.411167975;-10.38930396;-9.117876693;-6.570580739;-4.171552589;-2.268208297;-0.867700896;0.132110596;0.754097558;1.078915065;1.171614975;1.089079143;0.89056564;0.678645018;0.538908191;0.488620851;0.573260514;0.777574126;1.068297754;1.439282664;1.846180631;2.286008219;2.739157267;3.153549278;3.530372931;3.83614168;4.04645194;4.163448095
-12.2626434;-12.38341236;-12.76434897;-13.30932725;-13.98131338;-14.74423128;-14.83682731;-13.76153151;-12.0038998;-10.42200788;-9.298370824;-8.556648401;-8.213967284;-8.108741772;-8.151783882;-8.367212635;-8.632012461;-9.04362335;-9.613030304;-10.44663055;-11.71916181;-13.14920398;-14.11264681;-13.41758441;-11.35475076;-9.223772801;-7.513448341;-6.297897351;-5.579751596;-5.357703618;-5.673947546;-6.528737957;-7.985342201;-9.78829055;-10.93714289;-9.530965729;-6.864141786;-4.417500713;-2.517683138;-1.116155457;-0.121148401;0.502893469;0.859229096;0.956429073;0.879161269;0.704096969;0.497586204;0.379668215;0.345972186;0.470716292;0.709031757;1.036123394;1.417003234;1.839556852;2.257976842;2.668304085;3.038078874;3.370212536;3.633642275;3.797543382;3.877496752
-12.64535551;-12.69259512;-12.97210455;-13.40891951;-14.04958517;-14.61745879;-14.24836039;-12.98760906;-11.39952361;-10.11498039;-9.240097147;-8.824826284;-8.747991234;-8.98807717;-9.353459007;-9.755453998;-10.12646058;-10.56830903;-11.16121581;-12.12291677;-13.60604185;-15.35941447;-16.01260471;-14.12872768;-11.28642196;-8.9303878;-7.160607283;-5.991531593;-5.343506359;-5.214385048;-5.606266231;-6.568145186;-8.139824855;-10.15056505;-11.35225487;-9.967071486;-7.202158456;-4.735898628;-2.841529707;-1.428820361;-0.431462452;0.2148295;0.575324025;0.707145608;0.654132203;0.487822659;0.293132891;0.162765911;0.154000727;0.259551712;0.53813778;0.900382091;1.311764054;1.745379195;2.167056928;2.563520508;2.91730817;3.223613494;3.45724124;3.589688146;3.636807924
-12.77742984;-12.85759484;-13.1218671;-13.6586996;-14.37499433;-14.73254332;-14.08458715;-12.75846847;-11.30168147;-10.31643948;-9.765559893;-9.689482408;-9.957476977;-10.49690676;-11.05942918;-11.48872419;-11.78078444;-12.00897368;-12.50338916;-13.56636245;-15.41439717;-17.77033048;-18.09786831;-14.79449843;-11.4375703;-8.926384456;-7.144149753;-6.022324762;-5.41211028;-5.351679357;-5.80846654;-6.778480074;-8.397785964;-10.20361284;-11.27186566;-9.892534205;-7.360096707;-5.033989767;-3.214114403;-1.861040753;-0.890815829;-0.256147968;0.115194279;0.279088791;0.274870183;0.168264387;0.034251287;-0.059615574;-0.059163554;0.090892121;0.374490795;0.756982582;1.174911139;1.625819493;2.056527223;2.447879282;2.798228114;3.09113445;3.303468027;3.42978034;3.465615254
-13.82756317;-14.00807406;-14.42729094;-15.05729077;-15.57342894;-15.38684271;-14.13696995;-12.63241291;-11.42961848;-10.64922403;-10.42358977;-10.62673536;-11.09295662;-11.69388515;-12.15829252;-12.19887299;-12.08255014;-12.06031035;-12.42442865;-13.47604677;-15.45096291;-18.28638066;-18.89199392;-15.37103495;-11.8506366;-9.298093032;-7.522096279;-6.419376834;-5.830645336;-5.814549576;-6.265322397;-7.219926087;-8.663193022;-10.0976116;-10.5377248;-9.227524246;-7.122907285;-5.157012663;-3.54697021;-2.324822742;-1.441293064;-0.820958722;-0.456809789;-0.255745139;-0.205603788;-0.222708937;-0.261126472;-0.274267609;-0.207173078;-0.021509905;0.271960516;0.637347129;1.059917585;1.48469528;1.901384361;2.293225918;2.632540245;2.909149807;3.121171833;3.251116386;3.289603462
-15.44068764;-15.62222648;-16.03385382;-16.38361533;-16.30325817;-15.19120415;-13.64093185;-12.24938565;-11.32880347;-10.88172291;-10.8575975;-11.20224223;-11.75412154;-12.11860314;-12.1157302;-11.78173565;-11.45650386;-11.42829263;-11.83298676;-12.82957472;-14.67596762;-17.13122674;-17.91930227;-15.29838545;-12.14574913;-9.709842957;-8.093668158;-7.069993859;-6.600411195;-6.603909762;-7.097961007;-7.996843276;-9.111347266;-9.875070277;-9.619825243;-8.264600316;-6.535563345;-4.950374097;-3.646333704;-2.641466443;-1.906377605;-1.398797232;-1.061464998;-0.863734813;-0.763331335;-0.692817522;-0.623472645;-0.517870418;-0.345010038;-0.095442111;0.216558768;0.578209365;0.967728543;1.359067133;1.753592651;2.120945707;2.440043912;2.708213726;2.920436362;3.060703964;3.11595685
-16.42716395;-16.6430386;-16.99432788;-16.88799513;-16.11576206;-14.71144753;-13.32482549;-12.24159787;-11.61508039;-11.39092206;-11.5841967;-11.9930223;-12.29186873;-12.26024008;-11.93320219;-11.47292071;-11.12751361;-11.16099629;-11.70155423;-12.76812566;-14.42985035;-16.3414876;-16.72885356;-14.62847984;-12.05112773;-10.03880357;-8.66359519;-7.810388141;-7.493228178;-7.665985022;-8.206190052;-9.112578192;-9.929260897;-10.02961227;-9.038264168;-7.552611494;-6.010301295;-4.659512052;-3.576828621;-2.781206889;-2.209607312;-1.843395356;-1.587166013;-1.425150074;-1.292897332;-1.150082532;-0.973527964;-0.750500963;-0.468846518;-0.164152952;0.163882176;0.527158718;0.882574748;1.232674645;1.577604004;1.911469949;2.212930682;2.47074258;2.679277227;2.831302893;2.924671509
-18.10806118;-18.51083362;-18.81857373;-18.3555345;-17.04235532;-15.32371763;-13.98833407;-13.04790331;-12.60547253;-12.51230623;-12.60302122;-12.70800194;-12.53044784;-12.07357318;-11.47834478;-11.06131199;-10.92508188;-11.2001455;-11.95906998;-13.18679673;-14.83567019;-16.1776101;-15.80774845;-13.86536594;-11.79620462;-10.10974853;-8.993409004;-8.419663268;-8.323874995;-8.714859966;-9.484074173;-10.39281869;-10.93370929;-10.42473495;-9.022721222;-7.331568815;-5.800583408;-4.554327562;-3.605526788;-2.915000927;-2.459474607;-2.170681536;-2.001403609;-1.910420654;-1.792662715;-1.622971687;-1.367755056;-1.066400951;-0.728656946;-0.367480524;-0.005977825;0.330380901;0.65678558;0.962849623;1.258687852;1.552471327;1.826594104;2.07792186;2.287801616;2.458514104;2.568344619
-20.40799512;-21.31453999;-21.46938326;-20.28092659;-18.32397269;-16.48207611;-15.09494016;-14.3031234;-13.81986841;-13.5160482;-13.29671791;-12.80981801;-12.17065777;-11.4899097;-10.98753928;-10.73358155;-10.89114116;-11.45353907;-12.48600998;-14.00589935;-15.70535891;-16.56042812;-15.48427803;-13.45747036;-11.54787665;-10.17013101;-9.326348389;-8.933805817;-9.035629427;-9.617325226;-10.61505298;-11.69496259;-12.05666108;-11.17231731;-9.341060522;-7.49194947;-5.916086842;-4.67518027;-3.764193535;-3.115146255;-2.71175183;-2.491772302;-2.392364999;-2.378469676;-2.321591383;-2.178854375;-1.934080665;-1.594489892;-1.19626939;-0.789051494;-0.407797588;-0.049694045;0.263647779;0.556921754;0.814471179;1.061632399;1.308050206;1.53311367;1.743542608;1.936877701;2.075571854
-19.63565302;-20.29624077;-20.34764645;-19.53536062;-18.23659728;-17.00316385;-16.02690893;-15.40769564;-14.90735401;-14.40771647;-13.76857651;-12.99975516;-12.19477353;-11.48812734;-11.12756913;-11.15777034;-11.56821073;-12.43626375;-13.81020142;-15.56453634;-17.1789327;-17.10873844;-15.28889211;-13.13414849;-11.41773292;-10.22469672;-9.526481362;-9.327449592;-9.608206541;-10.3605711;-11.48127735;-12.64734513;-12.93871275;-11.74318954;-9.750585289;-7.801143096;-6.179832378;-4.92964167;-3.982019664;-3.351665431;-2.95045046;-2.761906742;-2.704537502;-2.728433572;-2.74369649;-2.656102716;-2.455251871;-2.132933409;-1.749450014;-1.322920459;-0.911112403;-0.548021697;-0.209353317;0.069239921;0.306720162;0.534768497;0.75731815;0.972312876;1.184183117;1.373336758;1.548345163
-18.254636;-18.89754742;-19.24909099;-19.09073383;-18.73791472;-18.1668269;-17.71779446;-17.32576193;-16.72841827;-15.9473351;-14.92812634;-13.87617978;-12.97409218;-12.35454112;-12.18606894;-12.43816417;-13.12466247;-14.37323579;-16.14829271;-18.05649817;-18.789639;-17.14341627;-14.72068935;-12.64645342;-11.13818947;-10.13348996;-9.627785216;-9.564457147;-9.951364731;-10.77059988;-12.05819363;-13.27600252;-13.67130034;-12.48118665;-10.33964034;-8.335891436;-6.633758292;-5.302754119;-4.329452109;-3.64833137;-3.192888696;-2.96527611;-2.885228007;-2.903979518;-2.949248107;-2.935946875;-2.804224388;-2.571818141;-2.218990259;-1.804423576;-1.386816986;-0.99150725;-0.655376281;-0.365272005;-0.13002186;0.095651104;0.286558579;0.491473997;0.697744429;0.898871203;1.087087736
-18.60747391;-19.38853942;-20.17311003;-20.92484154;-21.23837985;-21.38351911;-21.1449609;-20.23316026;-18.85368518;-17.2237976;-15.60087365;-14.38917901;-13.48977737;-13.03347585;-13.00855095;-13.4942751;-14.47546567;-15.93289037;-17.96379157;-19.6655476;-18.9707723;-16.6192797;-14.20095298;-12.33300619;-10.99247224;-10.13192092;-9.706217419;-9.723493659;-10.12362981;-10.98810745;-12.21791851;-13.60086153;-14.19810135;-13.13783446;-11.15362589;-9.047672825;-7.284420111;-5.871458518;-4.812410592;-4.036122364;-3.503629424;-3.218329186;-3.083548;-3.057308341;-3.085324115;-3.109975192;-3.043520616;-2.85164488;-2.569564285;-2.228562323;-1.821765937;-1.433344819;-1.081539366;-0.763250074;-0.514960916;-0.292826626;-0.095056791;0.086101476;0.281423543;0.464271057;0.649093054
-18.50960765;-19.26012306;-20.20317214;-21.06743677;-21.71982848;-21.51350572;-20.5382603;-19.1022497;-17.39139578;-15.7371498;-14.40722699;-13.40648349;-12.78875077;-12.56752223;-12.73695464;-13.36501254;-14.36531549;-15.83730357;-17.65717674;-18.88276544;-18.4227184;-16.39414118;-14.2657529;-12.56005336;-11.28978231;-10.48867605;-10.05614821;-10.06446914;-10.40064298;-11.15846489;-12.25900117;-13.52188001;-14.29520829;-13.65903654;-11.95782071;-9.926706968;-8.166992548;-6.715577749;-5.570409129;-4.723843447;-4.115377492;-3.734508086;-3.516127715;-3.421768812;-3.394795068;-3.385886536;-3.343968269;-3.193914821;-2.970668865;-2.657952949;-2.29388925;-1.898932127;-1.522622224;-1.190907749;-0.916894045;-0.678091939;-0.491275264;-0.315516396;-0.141119616;0.025181516;0.186002787
-17.56856506;-18.03242112;-18.6321795;-19.01504277;-19.14834223;-18.65767355;-17.7872329;-16.65050033;-15.42161226;-14.25139951;-13.35435897;-12.64944361;-12.26707809;-12.22747058;-12.50417572;-13.08675627;-14.07782517;-15.36018859;-16.95265348;-18.21414707;-18.13158322;-16.69256706;-14.96149056;-13.33064814;-12.13264599;-11.30275941;-10.82031848;-10.73007854;-10.97363638;-11.56002031;-12.43235767;-13.48223178;-14.17011814;-13.89684483;-12.57217236;-10.79149574;-9.095744322;-7.631165502;-6.464376482;-5.567438906;-4.887658942;-4.430725319;-4.146560351;-3.956701043;-3.863477643;-3.810629523;-3.731982582;-3.604892557;-3.397810892;-3.119124524;-2.775630855;-2.394069097;-2.011809524;-1.666228557;-1.361876486;-1.108206059;-0.900030173;-0.730157611;-0.57623237;-0.438488753;-0.314022686
-18.05617986;-18.53916758;-18.96258911;-18.95618711;-18.71206529;-18.06088784;-17.08776673;-16.0236821;-15.09759471;-14.16540847;-13.45857197;-13.03266537;-12.81355067;-12.85366116;-13.21281347;-13.80707122;-14.76477073;-15.88070085;-17.11204659;-18.07948424;-18.06458016;-17.10064515;-15.74690648;-14.3900903;-13.30422062;-12.53465338;-12.05151224;-11.94295664;-12.12902644;-12.61502679;-13.31169889;-14.05672649;-14.5392714;-14.22596992;-13.01054489;-11.51660402;-9.933703007;-8.561663916;-7.370932107;-6.471404443;-5.765943825;-5.25589897;-4.898655354;-4.639962423;-4.462154651;-4.353026599;-4.234979103;-4.105660013;-3.922582746;-3.651357803;-3.340757772;-2.977267251;-2.60356995;-2.227853487;-1.910236742;-1.646471511;-1.443833858;-1.266091266;-1.122903218;-1.001908067;-0.906149558
-21.17843444;-21.17927885;-20.6713793;-19.93836375;-18.98469613;-18.07970174;-16.98189095;-16.09851196;-15.38819656;-14.67229551;-14.30947243;-14.00793688;-13.92244134;-14.13083159;-14.55006256;-15.051834;-15.88427381;-16.77444094;-17.64032743;-18.13669286;-18.06756532;-17.38443932;-16.46624195;-15.46353382;-14.67776313;-14.04921365;-13.73383073;-13.6722774;-13.85613221;-14.33013725;-14.99734408;-15.59790478;-15.65502558;-15.1545349;-13.90077007;-12.4057434;-10.90352534;-9.507479935;-8.393154362;-7.464183335;-6.731491142;-6.209820823;-5.828682151;-5.518766757;-5.292117617;-5.113276136;-4.943260161;-4.793756432;-4.612693993;-4.364645672;-4.070446377;-3.728219881;-3.364630055;-3.00444635;-2.659628235;-2.387043949;-2.157648259;-1.988282832;-1.847404599;-1.736396532;-1.653455211
-21.45063017;-20.10233113;-18.77241254;-17.71487224;-16.69684068;-15.9484296;-15.32244706;-14.81625138;-14.43328172;-14.21672498;-14.14489884;-14.1499786;-14.38237452;-14.76240239;-15.33157361;-15.97696553;-16.62691316;-17.51386641;-18.16340883;-18.62199773;-18.52385541;-18.17056872;-17.43316379;-16.76544942;-16.20053155;-15.7724163;-15.59471435;-15.57277292;-15.89491046;-16.4563657;-17.10136602;-17.68816572;-17.52206153;-16.69483581;-15.31063171;-13.65947972;-12.17746422;-10.79251727;-9.618850364;-8.689594381;-7.958903373;-7.379617081;-6.925696403;-6.595357105;-6.305603304;-6.107955849;-5.924116954;-5.753301479;-5.564600032;-5.356566808;-5.063963837;-4.756831383;-4.402370623;-4.040995524;-3.726961326;-3.422988795;-3.185748119;-2.997977795;-2.866400357;-2.754193742;-2.675723005
-17.29982637;-16.4127855;-15.57295199;-14.82378746;-14.31288063;-13.84123158;-13.49810115;-13.29843624;-13.20999855;-13.26443557;-13.45862117;-13.75810829;-14.19683856;-14.77250755;-15.51070519;-16.31929658;-17.21155242;-18.19706786;-19.12332815;-19.83885405;-20.1096693;-19.92128868;-19.42664035;-18.7761019;-18.15366657;-17.7138189;-17.54344205;-17.53054325;-17.79848464;-18.26414908;-18.9403724;-19.31712569;-19.20995731;-18.28004903;-16.95772286;-15.4088456;-13.86796244;-12.46501761;-11.25609885;-10.28612434;-9.497308018;-8.852260171;-8.352988059;-7.937743223;-7.652814531;-7.399578097;-7.187846777;-7.023070103;-6.865540722;-6.636424361;-6.390077498;-6.118887675;-5.79050875;-5.450344488;-5.099434667;-4.813643189;-4.568861688;-4.36562457;-4.192796292;-4.091978603;-3.986694272
-15.46180171;-14.86754102;-14.33888212;-13.9073531;-13.59542637;-13.36347647;-13.25481738;-13.19220225;-13.28562554;-13.51164558;-13.82125224;-14.27919699;-14.86848644;-15.58923958;-16.48699229;-17.39717442;-18.5386213;-19.80172049;-21.17386358;-22.37807973;-23.1395581;-23.06119321;-22.42703896;-21.52828095;-20.65728779;-19.92491238;-19.37695264;-19.00732912;-19.07334161;-19.32367017;-19.67732729;-19.88467326;-19.99546766;-19.43193997;-18.43998299;-17.05775111;-15.691747;-14.41539488;-13.20259571;-12.24745023;-11.35260898;-10.6472983;-10.041786;-9.600433025;-9.244061204;-8.91425011;-8.671755367;-8.47356033;-8.272901534;-8.099865548;-7.875691801;-7.624446047;-7.288896088;-6.98443594;-6.648530329;-6.34070531;-6.070228417;-5.827548754;-5.663362107;-5.523324343;-5.408733489
-16.27841376;-15.93767723;-15.5333295;-15.29399801;-15.12039508;-15.05545478;-15.02673634;-15.11201698;-15.35354603;-15.58527367;-16.01931012;-16.57914397;-17.20490061;-17.98330385;-18.80780606;-19.82025064;-20.9703873;-22.34976765;-24.04374902;-25.20030133;-25.94373048;-25.75633415;-24.88692451;-23.69582958;-22.68621743;-21.72147658;-20.93639724;-20.35113108;-20.02204027;-20.04320097;-20.10085537;-20.20410193;-20.2146813;-19.97166638;-19.27471747;-18.44730195;-17.23083024;-16.12772597;-15.04823658;-14.08492467;-13.21546189;-12.46001997;-11.75909037;-11.21207317;-10.74028911;-10.3240709;-10.02685859;-9.753313204;-9.545224551;-9.351168952;-9.155948807;-8.884572925;-8.596658537;-8.285267779;-7.949467251;-7.632144489;-7.336257249;-7.076027591;-6.906079595;-6.759594179;-6.645511799
-19.91301107;-19.7804849;-19.85790518;-19.73614128;-19.7111277;-19.70647296;-19.9084234;-20.00151626;-20.06525531;-20.27489843;-20.47915764;-20.78378684;-21.0072255;-21.24791482;-21.57395912;-21.87064119;-22.13955817;-22.50843319;-22.83855832;-22.96344584;-23.1387804;-22.94902182;-22.97148051;-22.58089537;-22.32041026;-21.76540903;-21.35228031;-20.93874682;-20.70715982;-20.60722931;-20.65103475;-20.6738411;-20.67851443;-20.48545634;-20.02515916;-19.29087765;-18.31398557;-17.2920321;-16.2857228;-15.36077158;-14.47909451;-13.70596515;-13.0193233;-12.41516613;-11.83647097;-11.39002673;-11.03791289;-10.69947437;-10.44735648;-10.23764423;-10.04989149;-9.825035638;-9.5957045;-9.300288492;-9.018311152;-8.718652383;-8.441673767;-8.226130853;-8.057496359;-7.913563121;-7.835160028
-25.80684112;-26.30817473;-26.79590858;-27.11108943;-26.94077526;-26.56320631;-26.09104134;-25.22153628;-24.19881335;-23.36949784;-22.55449323;-21.82188506;-21.04709936;-20.58376829;-19.96455028;-19.66099255;-19.37737163;-19.25647871;-19.09025188;-19.1322975;-19.15178565;-19.26303878;-19.35275431;-19.50500907;-19.60221998;-19.64405981;-19.54127083;-19.70277083;-19.6934764;-20.09726816;-20.37892346;-20.5515732;-20.74569519;-20.70676633;-20.44540723;-19.78583776;-18.86572915;-17.96536698;-17.10360063;-16.15581879;-15.27660943;-14.52518631;-13.91976797;-13.38052721;-12.87032437;-12.35520248;-12.00224168;-11.67735096;-11.4269016;-11.22483237;-11.02497913;-10.86098402;-10.69250522;-10.4215113;-10.182897;-9.91862712;-9.707726943;-9.503521754;-9.375164744;-9.314446742;-9.28795722
-20.81807119;-20.7903175;-20.64442018;-20.36344701;-20.11045372;-19.7498477;-19.45288897;-19.11352075;-18.92628728;-18.71211432;-18.35942451;-18.02725487;-17.70431895;-17.39475856;-17.0622928;-16.95351075;-16.67085717;-16.6405708;-16.57918263;-16.54295335;-16.66949799;-16.76752386;-16.8114299;-16.97761666;-17.06745112;-17.08364061;-17.23269907;-17.42527208;-17.65861408;-17.99859699;-18.45088665;-18.9922786;-19.44306744;-19.81551327;-19.93541608;-19.68525077;-19.19196136;-18.55806654;-17.77517409;-17.0564256;-16.2908723;-15.63022013;-15.12388885;-14.5834049;-14.16523151;-13.73854198;-13.41699965;-13.09186939;-12.83143676;-12.68612941;-12.50559025;-12.3198493;-12.17759911;-12.03206159;-11.79619704;-11.60948628;-11.41855728;-11.259019;-11.20846496;-11.2158287;-11.25858453
-17.27718683;-16.9524595;-16.76242222;-16.48070588;-16.31423757;-16.17421904;-16.01458289;-15.9613595;-15.972971;-15.92615042;-15.93221028;-15.85630493;-15.82273321;-15.75954588;-15.60426175;-15.47543457;-15.33149668;-15.2702167;-15.21200337;-15.19360068;-15.15283932;-15.23522657;-15.23389776;-15.31394021;-15.30620268;-15.3315793;-15.40613838;-15.43635269;-15.68950662;-16.0370846;-16.44342994;-16.82489731;-17.41373125;-17.93754189;-18.29859584;-18.57683293;-18.53679067;-18.48873889;-18.1637201;-17.86274953;-17.46835259;-16.94394606;-16.56233928;-16.16376834;-15.88251448;-15.45257272;-15.20522781;-14.93968229;-14.72709768;-14.59476947;-14.45133371;-14.30962901;-14.11960404;-13.97634187;-13.86915303;-13.67388588;-13.52694578;-13.43199485;;;
